,xrsa,xrsb,xrsa_quality,xrsb_quality
2024-05-14 00:00:00,1.0953525e-07,4.0176205e-06,0,0
2024-05-14 00:01:00,1.0736446e-07,4.002668e-06,0,0
2024-05-14 00:02:00,1.0478879e-07,3.9836355e-06,0,0
2024-05-14 00:03:00,1.05662316e-07,3.983747e-06,0,0
2024-05-14 00:04:00,1.0802083e-07,3.980147e-06,0,0
2024-05-14 00:05:00,1.0605316e-07,3.9717834e-06,0,0
2024-05-14 00:06:00,1.0520647e-07,3.9588194e-06,0,0
2024-05-14 00:07:00,1.03755106e-07,3.95718e-06,0,0
2024-05-14 00:08:00,1.03653825e-07,3.953337e-06,0,0
2024-05-14 00:09:00,1.0475297e-07,3.9581037e-06,0,0
2024-05-14 00:10:00,1.0414976e-07,3.9452857e-06,0,0
2024-05-14 00:11:00,1.032638e-07,3.9454826e-06,0,0
2024-05-14 00:12:00,1.05005775e-07,3.95901e-06,0,0
2024-05-14 00:13:00,1.098747e-07,3.9767533e-06,0,0
2024-05-14 00:14:00,1.0959988e-07,3.9719125e-06,0,0
2024-05-14 00:15:00,1.0566608e-07,3.9512556e-06,0,0
2024-05-14 00:16:00,1.05085334e-07,3.944499e-06,0,0
2024-05-14 00:17:00,1.0454444e-07,3.928125e-06,0,0
2024-05-14 00:18:00,1.0245413e-07,3.9106067e-06,0,0
2024-05-14 00:19:00,1.0133454e-07,3.8842604e-06,0,0
2024-05-14 00:20:00,9.947234e-08,3.8530216e-06,0,0
2024-05-14 00:21:00,9.622891e-08,3.825096e-06,0,0
2024-05-14 00:22:00,9.592146e-08,3.801554e-06,0,0
2024-05-14 00:23:00,9.5466135e-08,3.7856878e-06,0,0
2024-05-14 00:24:00,9.455996e-08,3.7715888e-06,0,0
2024-05-14 00:25:00,9.417044e-08,3.7566551e-06,0,0
2024-05-14 00:26:00,9.386662e-08,3.7458592e-06,0,0
2024-05-14 00:27:00,9.421936e-08,3.737418e-06,0,0
2024-05-14 00:28:00,9.392013e-08,3.7202326e-06,0,0
2024-05-14 00:29:00,9.4422084e-08,3.724307e-06,0,0
2024-05-14 00:30:00,1.06705954e-07,3.840042e-06,0,0
2024-05-14 00:31:00,1.07494394e-07,3.8827866e-06,0,0
2024-05-14 00:32:00,1.01667254e-07,3.826804e-06,0,0
2024-05-14 00:33:00,9.811765e-08,3.7796524e-06,0,0
2024-05-14 00:34:00,9.533292e-08,3.7551054e-06,0,0
2024-05-14 00:35:00,9.4821694e-08,3.7487691e-06,0,0
2024-05-14 00:36:00,9.510442e-08,3.7421091e-06,0,0
2024-05-14 00:37:00,9.749187e-08,3.7534737e-06,0,0
2024-05-14 00:38:00,1.1801355e-07,3.8919034e-06,0,0
2024-05-14 00:39:00,1.09927086e-07,3.8645294e-06,0,0
2024-05-14 00:40:00,1.0259531e-07,3.812156e-06,0,0
2024-05-14 00:41:00,1.02871944e-07,3.8065305e-06,0,0
2024-05-14 00:42:00,1.1145465e-07,3.8555677e-06,0,0
2024-05-14 00:43:00,1.1099916e-07,3.8799813e-06,0,0
2024-05-14 00:44:00,1.09753145e-07,3.8812373e-06,0,0
2024-05-14 00:45:00,1.0873017e-07,3.876644e-06,0,0
2024-05-14 00:46:00,1.0893531e-07,3.8971425e-06,0,0
2024-05-14 00:47:00,1.0809769e-07,3.91456e-06,0,0
2024-05-14 00:48:00,1.0602548e-07,3.8963376e-06,0,0
2024-05-14 00:49:00,1.055964e-07,3.9017286e-06,0,0
2024-05-14 00:50:00,1.0821438e-07,3.9020197e-06,0,0
2024-05-14 00:51:00,1.0670342e-07,3.8994617e-06,0,0
2024-05-14 00:52:00,1.0553358e-07,3.894849e-06,0,0
2024-05-14 00:53:00,1.0459674e-07,3.882302e-06,0,0
2024-05-14 00:54:00,1.03221524e-07,3.866984e-06,0,0
2024-05-14 00:55:00,1.0298576e-07,3.8699072e-06,0,0
2024-05-14 00:56:00,1.0325882e-07,3.8598514e-06,0,0
2024-05-14 00:57:00,1.0309461e-07,3.844147e-06,0,0
2024-05-14 00:58:00,1.0381241e-07,3.8351436e-06,0,0
2024-05-14 00:59:00,1.1781417e-07,3.9020406e-06,0,0
2024-05-14 01:00:00,1.2642643e-07,3.9792726e-06,0,0
2024-05-14 01:01:00,1.2715505e-07,4.0214077e-06,0,0
2024-05-14 01:02:00,1.2506635e-07,3.9944666e-06,0,0
2024-05-14 01:03:00,1.2159714e-07,3.968242e-06,0,0
2024-05-14 01:04:00,1.2106496e-07,3.9567194e-06,0,0
2024-05-14 01:05:00,1.2076204e-07,3.940969e-06,0,0
2024-05-14 01:06:00,1.1903573e-07,3.921557e-06,0,0
2024-05-14 01:07:00,1.1965655e-07,3.9047923e-06,0,0
2024-05-14 01:08:00,1.2878962e-07,3.932276e-06,0,0
2024-05-14 01:09:00,1.406226e-07,3.976467e-06,0,0
2024-05-14 01:10:00,1.4543271e-07,4.0160594e-06,0,0
2024-05-14 01:11:00,1.4266179e-07,4.0209707e-06,0,0
2024-05-14 01:12:00,1.4209047e-07,4.0144737e-06,0,0
2024-05-14 01:13:00,1.5696561e-07,4.049796e-06,0,0
2024-05-14 01:14:00,1.8558244e-07,4.1337485e-06,0,0
2024-05-14 01:15:00,2.369443e-07,4.3049986e-06,0,0
2024-05-14 01:16:00,3.2384287e-07,4.5889897e-06,0,0
2024-05-14 01:17:00,4.0819614e-07,4.914412e-06,0,0
2024-05-14 01:18:00,4.5732656e-07,5.1431693e-06,0,0
2024-05-14 01:19:00,4.6202715e-07,5.2818755e-06,0,0
2024-05-14 01:20:00,4.4451642e-07,5.3336207e-06,0,0
2024-05-14 01:21:00,4.639891e-07,5.482506e-06,0,0
2024-05-14 01:22:00,5.190614e-07,5.7499337e-06,0,0
2024-05-14 01:23:00,5.691611e-07,6.013847e-06,0,0
2024-05-14 01:24:00,6.1513884e-07,6.251291e-06,0,0
2024-05-14 01:25:00,6.763379e-07,6.503289e-06,0,0
2024-05-14 01:26:00,7.7821375e-07,6.843018e-06,0,0
2024-05-14 01:27:00,9.1422163e-07,7.25848e-06,0,0
2024-05-14 01:28:00,1.0807065e-06,7.716792e-06,0,0
2024-05-14 01:29:00,1.2743899e-06,8.268291e-06,0,0
2024-05-14 01:30:00,1.4708725e-06,8.868299e-06,0,0
2024-05-14 01:31:00,1.6155518e-06,9.326368e-06,0,0
2024-05-14 01:32:00,1.6862572e-06,9.651385e-06,0,0
2024-05-14 01:33:00,1.6764947e-06,9.817115e-06,0,0
2024-05-14 01:34:00,1.711074e-06,1.0021666e-05,0,0
2024-05-14 01:35:00,1.888531e-06,1.0481022e-05,0,0
2024-05-14 01:36:00,2.2040579e-06,1.1277648e-05,0,0
2024-05-14 01:37:00,2.5654838e-06,1.2266799e-05,0,0
2024-05-14 01:38:00,2.9862754e-06,1.3482373e-05,0,0
2024-05-14 01:39:00,3.4363552e-06,1.49214475e-05,0,0
2024-05-14 01:40:00,3.884712e-06,1.6530077e-05,0,0
2024-05-14 01:41:00,4.3021178e-06,1.7890909e-05,0,0
2024-05-14 01:42:00,4.803446e-06,1.9547453e-05,0,0
2024-05-14 01:43:00,5.2284076e-06,2.1213025e-05,0,0
2024-05-14 01:44:00,5.4506804e-06,2.2593023e-05,0,0
2024-05-14 01:45:00,5.5461196e-06,2.367781e-05,0,0
2024-05-14 01:46:00,5.5962723e-06,2.4720315e-05,0,0
2024-05-14 01:47:00,5.5715172e-06,2.5519192e-05,0,0
2024-05-14 01:48:00,5.3871213e-06,2.5870782e-05,0,0
2024-05-14 01:49:00,5.0947456e-06,2.583516e-05,0,0
2024-05-14 01:50:00,4.8167744e-06,2.5808184e-05,0,0
2024-05-14 01:51:00,4.5514685e-06,2.5759962e-05,0,0
2024-05-14 01:52:00,4.2416077e-06,2.5517214e-05,0,0
2024-05-14 01:53:00,3.9369284e-06,2.5056966e-05,0,0
2024-05-14 01:54:00,3.6249337e-06,2.443821e-05,0,0
2024-05-14 01:55:00,3.3312283e-06,2.37651e-05,0,0
2024-05-14 01:56:00,3.0601934e-06,2.2993676e-05,0,0
2024-05-14 01:57:00,2.767192e-06,2.207447e-05,0,0
2024-05-14 01:58:00,2.5204145e-06,2.1173722e-05,0,0
2024-05-14 01:59:00,2.2960555e-06,2.0255698e-05,0,0
2024-05-14 02:00:00,2.0969433e-06,1.9325598e-05,0,0
2024-05-14 02:01:00,1.9413858e-06,1.8479372e-05,0,0
2024-05-14 02:02:00,1.8822176e-06,1.793138e-05,0,0
2024-05-14 02:03:00,1.8740527e-06,1.758968e-05,0,0
2024-05-14 02:04:00,2.1074788e-06,1.7836903e-05,0,0
2024-05-14 02:05:00,6.7237092e-06,2.7358668e-05,0,0
2024-05-14 02:06:00,3.45065e-05,7.8831945e-05,0,0
2024-05-14 02:07:00,6.304707e-05,0.00013892779,0,0
2024-05-14 02:08:00,6.839218e-05,0.0001647482,0,0
2024-05-14 02:09:00,6.35689e-05,0.00017041831,0,0
2024-05-14 02:10:00,5.6517958e-05,0.00016713921,0,0
2024-05-14 02:11:00,4.906215e-05,0.00015868517,0,0
2024-05-14 02:12:00,4.3167052e-05,0.00014786018,0,0
2024-05-14 02:13:00,3.934213e-05,0.00013953462,0,0
2024-05-14 02:14:00,3.6000274e-05,0.00013144367,0,0
2024-05-14 02:15:00,3.2517328e-05,0.00012264945,0,0
2024-05-14 02:16:00,2.8627614e-05,0.00011253182,0,0
2024-05-14 02:17:00,2.5070693e-05,0.000102078375,0,0
2024-05-14 02:18:00,2.1895408e-05,9.17557e-05,0,0
2024-05-14 02:19:00,1.9449626e-05,8.307397e-05,0,0
2024-05-14 02:20:00,1.7364775e-05,7.5065385e-05,0,0
2024-05-14 02:21:00,1.5971547e-05,6.8796064e-05,0,0
2024-05-14 02:22:00,1.4913318e-05,6.383145e-05,0,0
2024-05-14 02:23:00,1.3923636e-05,5.9538437e-05,0,0
2024-05-14 02:24:00,1.3071703e-05,5.5996385e-05,0,0
2024-05-14 02:25:00,1.2326316e-05,5.3062235e-05,0,0
2024-05-14 02:26:00,1.1697937e-05,5.065521e-05,0,0
2024-05-14 02:27:00,1.1154747e-05,4.8629026e-05,0,0
2024-05-14 02:28:00,1.0657198e-05,4.6975012e-05,0,0
2024-05-14 02:29:00,1.01619635e-05,4.5471177e-05,0,0
2024-05-14 02:30:00,9.824366e-06,4.4200442e-05,0,0
2024-05-14 02:31:00,9.397625e-06,4.2803244e-05,0,0
2024-05-14 02:32:00,8.959516e-06,4.1457173e-05,0,0
2024-05-14 02:33:00,8.5560505e-06,4.0177343e-05,0,0
2024-05-14 02:34:00,8.255518e-06,3.916358e-05,0,0
2024-05-14 02:35:00,7.966307e-06,3.8164322e-05,0,0
2024-05-14 02:36:00,7.5882263e-06,3.6937625e-05,0,0
2024-05-14 02:37:00,7.1786603e-06,3.567221e-05,0,0
2024-05-14 02:38:00,6.7050746e-06,3.427842e-05,0,0
2024-05-14 02:39:00,6.2709946e-06,3.294389e-05,0,0
2024-05-14 02:40:00,5.8435303e-06,3.1627493e-05,0,0
2024-05-14 02:41:00,5.4406246e-06,3.0351808e-05,0,0
2024-05-14 02:42:00,5.0643225e-06,2.9139383e-05,0,0
2024-05-14 02:43:00,4.698337e-06,2.7925424e-05,0,0
2024-05-14 02:44:00,4.3686236e-06,2.6771906e-05,0,0
2024-05-14 02:45:00,4.0971013e-06,2.5721887e-05,0,0
2024-05-14 02:46:00,3.8977128e-06,2.4925852e-05,0,0
2024-05-14 02:47:00,3.7437421e-06,2.4341784e-05,0,0
2024-05-14 02:48:00,3.537341e-06,2.356081e-05,0,0
2024-05-14 02:49:00,3.3786635e-06,2.2869199e-05,0,0
2024-05-14 02:50:00,3.2578414e-06,2.2439694e-05,0,0
2024-05-14 02:51:00,3.022937e-06,2.1664166e-05,0,0
2024-05-14 02:52:00,2.8038044e-06,2.0802905e-05,0,0
2024-05-14 02:53:00,2.7189078e-06,2.0254412e-05,0,0
2024-05-14 02:54:00,2.638217e-06,1.9808054e-05,0,0
2024-05-14 02:55:00,2.588279e-06,1.9511926e-05,0,0
2024-05-14 02:56:00,2.5926354e-06,1.944793e-05,0,0
2024-05-14 02:57:00,2.484912e-06,1.9071073e-05,0,0
2024-05-14 02:58:00,2.3250127e-06,1.8522476e-05,0,0
2024-05-14 02:59:00,2.1453675e-06,1.791405e-05,0,0
2024-05-14 03:00:00,1.96792e-06,1.728146e-05,0,0
2024-05-14 03:01:00,1.8324671e-06,1.6742939e-05,0,0
2024-05-14 03:02:00,1.6643247e-06,1.6059177e-05,0,0
2024-05-14 03:03:00,1.4841834e-06,1.5300893e-05,0,0
2024-05-14 03:04:00,1.3151969e-06,1.4563593e-05,0,0
2024-05-14 03:05:00,1.1630943e-06,1.3819877e-05,0,0
2024-05-14 03:06:00,1.0292257e-06,1.3089269e-05,0,0
2024-05-14 03:07:00,9.180617e-07,1.2409071e-05,0,0
2024-05-14 03:08:00,8.2444166e-07,1.1793057e-05,0,0
2024-05-14 03:09:00,7.505619e-07,1.1229488e-05,0,0
2024-05-14 03:10:00,6.9038117e-07,1.0712127e-05,0,0
2024-05-14 03:11:00,6.3550664e-07,1.0219109e-05,0,0
2024-05-14 03:12:00,5.858391e-07,9.755618e-06,0,0
2024-05-14 03:13:00,5.4797067e-07,9.349657e-06,0,0
2024-05-14 03:14:00,5.1924144e-07,8.982316e-06,0,0
2024-05-14 03:15:00,4.921573e-07,8.677203e-06,0,0
2024-05-14 03:16:00,4.685193e-07,8.399963e-06,0,0
2024-05-14 03:17:00,4.5030959e-07,8.190534e-06,0,0
2024-05-14 03:18:00,4.3565595e-07,8.009008e-06,0,0
2024-05-14 03:19:00,4.2046545e-07,7.861722e-06,0,0
2024-05-14 03:20:00,4.125442e-07,7.731374e-06,0,0
2024-05-14 03:21:00,4.0373155e-07,7.6154734e-06,0,0
2024-05-14 03:22:00,3.9333838e-07,7.5220555e-06,0,0
2024-05-14 03:23:00,3.92156e-07,7.4987665e-06,0,0
2024-05-14 03:24:00,3.9278274e-07,7.479399e-06,0,0
2024-05-14 03:25:00,4.1545206e-07,7.5924186e-06,0,0
2024-05-14 03:26:00,4.7637485e-07,7.949965e-06,0,0
2024-05-14 03:27:00,4.936553e-07,8.114601e-06,0,0
2024-05-14 03:28:00,4.6336118e-07,8.039805e-06,0,0
2024-05-14 03:29:00,4.5125282e-07,7.9671645e-06,0,0
2024-05-14 03:30:00,4.4914188e-07,7.9182055e-06,0,0
2024-05-14 03:31:00,4.3200566e-07,7.826077e-06,0,0
2024-05-14 03:32:00,4.1606302e-07,7.736367e-06,0,0
2024-05-14 03:33:00,4.0054869e-07,7.649323e-06,0,0
2024-05-14 03:34:00,3.7871536e-07,7.5279913e-06,0,0
2024-05-14 03:35:00,3.5753604e-07,7.389168e-06,0,0
2024-05-14 03:36:00,3.3697836e-07,7.2310118e-06,0,0
2024-05-14 03:37:00,3.1909596e-07,7.0820074e-06,0,0
2024-05-14 03:38:00,3.0476053e-07,6.9398216e-06,0,0
2024-05-14 03:39:00,2.925262e-07,6.815951e-06,0,0
2024-05-14 03:40:00,2.8194276e-07,6.709776e-06,0,0
2024-05-14 03:41:00,2.7711823e-07,6.6409843e-06,0,0
2024-05-14 03:42:00,2.6981346e-07,6.549828e-06,0,0
2024-05-14 03:43:00,2.600738e-07,6.4521264e-06,0,0
2024-05-14 03:44:00,2.529712e-07,6.3657553e-06,0,0
2024-05-14 03:45:00,2.4573083e-07,6.2912354e-06,0,0
2024-05-14 03:46:00,2.4034736e-07,6.2296363e-06,0,0
2024-05-14 03:47:00,2.3371106e-07,6.1787086e-06,0,0
2024-05-14 03:48:00,2.3185339e-07,6.1411047e-06,0,0
2024-05-14 03:49:00,2.3030876e-07,6.125487e-06,0,0
2024-05-14 03:50:00,2.2675684e-07,6.0988095e-06,0,0
2024-05-14 03:51:00,2.2450038e-07,6.057941e-06,0,0
2024-05-14 03:52:00,2.1806497e-07,6.00893e-06,0,0
2024-05-14 03:53:00,2.1332909e-07,5.9396666e-06,0,0
2024-05-14 03:54:00,2.0784758e-07,5.8745013e-06,0,0
2024-05-14 03:55:00,2.0436728e-07,5.8164765e-06,0,0
2024-05-14 03:56:00,2.0213321e-07,5.7656052e-06,0,0
2024-05-14 03:57:00,1.9840414e-07,5.7179777e-06,0,0
2024-05-14 03:58:00,1.967584e-07,5.676386e-06,0,0
2024-05-14 03:59:00,1.9489826e-07,5.6407875e-06,0,0
2024-05-14 04:00:00,1.9135476e-07,5.601385e-06,0,0
2024-05-14 04:01:00,1.8873946e-07,5.561224e-06,0,0
2024-05-14 04:02:00,1.8580835e-07,5.513554e-06,0,0
2024-05-14 04:03:00,1.8616322e-07,5.4698735e-06,0,0
2024-05-14 04:04:00,1.8501183e-07,5.4412544e-06,0,0
2024-05-14 04:05:00,1.858903e-07,5.4177976e-06,0,0
2024-05-14 04:06:00,1.91032e-07,5.4959537e-06,0,0
2024-05-14 04:07:00,2.5383937e-07,6.054887e-06,0,0
2024-05-14 04:08:00,3.2067913e-07,6.575563e-06,0,0
2024-05-14 04:09:00,2.867647e-07,6.4305327e-06,0,0
2024-05-14 04:10:00,2.81752e-07,6.352897e-06,0,0
2024-05-14 04:11:00,2.7508742e-07,6.2988415e-06,0,0
2024-05-14 04:12:00,2.6876603e-07,6.2561267e-06,0,0
2024-05-14 04:13:00,2.642251e-07,6.2044564e-06,0,0
2024-05-14 04:14:00,2.569388e-07,6.116693e-06,0,0
2024-05-14 04:15:00,2.441413e-07,5.9902904e-06,0,0
2024-05-14 04:16:00,2.3971415e-07,5.889277e-06,0,0
2024-05-14 04:17:00,2.3147281e-07,5.7898324e-06,0,0
2024-05-14 04:18:00,2.2605717e-07,5.693861e-06,0,0
2024-05-14 04:19:00,2.2233712e-07,5.5987007e-06,0,0
2024-05-14 04:20:00,2.1670223e-07,5.5193445e-06,0,0
2024-05-14 04:21:00,2.1398009e-07,5.4298416e-06,0,0
2024-05-14 04:22:00,2.0533025e-07,5.336257e-06,0,0
2024-05-14 04:23:00,2.0132703e-07,5.2759638e-06,0,0
2024-05-14 04:24:00,1.9936328e-07,5.229823e-06,0,0
2024-05-14 04:25:00,2.008166e-07,5.1731413e-06,0,0
2024-05-14 04:26:00,1.9977843e-07,5.1391125e-06,0,0
2024-05-14 04:27:00,2.0164612e-07,5.107519e-06,0,0
2024-05-14 04:28:00,2.0663875e-07,5.0929807e-06,0,0
2024-05-14 04:29:00,2.1173489e-07,5.0932044e-06,0,0
2024-05-14 04:30:00,2.1607163e-07,5.119646e-06,0,0
2024-05-14 04:31:00,2.2059002e-07,5.1301213e-06,0,0
2024-05-14 04:32:00,2.3642602e-07,5.17332e-06,0,0
2024-05-14 04:33:00,2.562265e-07,5.2343016e-06,0,0
2024-05-14 04:34:00,2.5563003e-07,5.2305145e-06,0,0
2024-05-14 04:35:00,2.6436564e-07,5.21703e-06,0,0
2024-05-14 04:36:00,2.647058e-07,5.190548e-06,0,0
2024-05-14 04:37:00,2.645833e-07,5.1717507e-06,0,0
2024-05-14 04:38:00,2.6634274e-07,5.1505335e-06,0,0
2024-05-14 04:39:00,2.737461e-07,5.1663083e-06,0,0
2024-05-14 04:40:00,2.8287093e-07,5.1963348e-06,0,0
2024-05-14 04:41:00,2.9877148e-07,5.2597247e-06,0,0
2024-05-14 04:42:00,3.1587442e-07,5.3429753e-06,0,0
2024-05-14 04:43:00,3.315738e-07,5.393057e-06,0,0
2024-05-14 04:44:00,3.6747582e-07,5.519971e-06,0,0
2024-05-14 04:45:00,4.1801468e-07,5.7038797e-06,0,0
2024-05-14 04:46:00,4.4020894e-07,5.818526e-06,0,0
2024-05-14 04:47:00,4.4731564e-07,5.8889514e-06,0,0
2024-05-14 04:48:00,4.5872721e-07,5.9970994e-06,0,0
2024-05-14 04:49:00,4.744864e-07,6.106212e-06,0,0
2024-05-14 04:50:00,4.856034e-07,6.1926835e-06,0,0
2024-05-14 04:51:00,4.9889405e-07,6.2926583e-06,0,0
2024-05-14 04:52:00,5.023376e-07,6.3210523e-06,0,0
2024-05-14 04:53:00,5.137703e-07,6.3599214e-06,0,0
2024-05-14 04:54:00,5.1252204e-07,6.3972007e-06,0,0
2024-05-14 04:55:00,5.150537e-07,6.434832e-06,0,0
2024-05-14 04:56:00,5.1642576e-07,6.4782444e-06,0,0
2024-05-14 04:57:00,5.303396e-07,6.585526e-06,0,0
2024-05-14 04:58:00,5.123081e-07,6.5302906e-06,0,0
2024-05-14 04:59:00,4.930983e-07,6.4458945e-06,0,0
2024-05-14 05:00:00,4.898622e-07,6.431343e-06,0,0
2024-05-14 05:01:00,4.933955e-07,6.434429e-06,0,0
2024-05-14 05:02:00,4.8841446e-07,6.4076494e-06,0,0
2024-05-14 05:03:00,4.801858e-07,6.3661887e-06,0,0
2024-05-14 05:04:00,4.6266658e-07,6.2952436e-06,0,0
2024-05-14 05:05:00,4.533599e-07,6.248715e-06,0,0
2024-05-14 05:06:00,4.5412045e-07,6.2516456e-06,0,0
2024-05-14 05:07:00,4.6437344e-07,6.301233e-06,0,0
2024-05-14 05:08:00,5.069644e-07,6.495518e-06,0,0
2024-05-14 05:09:00,5.3566487e-07,6.6866655e-06,0,0
2024-05-14 05:10:00,5.147736e-07,6.6914486e-06,0,0
2024-05-14 05:11:00,4.9002665e-07,6.6127977e-06,0,0
2024-05-14 05:12:00,4.7145545e-07,6.5391782e-06,0,0
2024-05-14 05:13:00,4.6012966e-07,6.4746105e-06,0,0
2024-05-14 05:14:00,4.5101052e-07,6.3969774e-06,0,0
2024-05-14 05:15:00,4.4376768e-07,6.3293764e-06,0,0
2024-05-14 05:16:00,4.3584012e-07,6.2752006e-06,0,0
2024-05-14 05:17:00,4.3256506e-07,6.238373e-06,0,0
2024-05-14 05:18:00,4.3032486e-07,6.211282e-06,0,0
2024-05-14 05:19:00,4.3446354e-07,6.2277313e-06,0,0
2024-05-14 05:20:00,4.436207e-07,6.2860645e-06,0,0
2024-05-14 05:21:00,4.5223345e-07,6.3900025e-06,0,0
2024-05-14 05:22:00,4.6592137e-07,6.4966957e-06,0,0
2024-05-14 05:23:00,4.7039453e-07,6.556939e-06,0,0
2024-05-14 05:24:00,4.7621168e-07,6.622775e-06,0,0
2024-05-14 05:25:00,4.7849096e-07,6.6876e-06,0,0
2024-05-14 05:26:00,4.7189275e-07,6.7015603e-06,0,0
2024-05-14 05:27:00,4.6859725e-07,6.69667e-06,0,0
2024-05-14 05:28:00,4.701096e-07,6.7816663e-06,0,0
2024-05-14 05:29:00,4.7160282e-07,6.858948e-06,0,0
2024-05-14 05:30:00,4.5746512e-07,6.7578158e-06,0,0
2024-05-14 05:31:00,4.4926358e-07,6.687733e-06,0,0
2024-05-14 05:32:00,4.3561937e-07,6.6098255e-06,0,0
2024-05-14 05:33:00,4.2657743e-07,6.5221748e-06,0,0
2024-05-14 05:34:00,4.160902e-07,6.450888e-06,0,0
2024-05-14 05:35:00,4.129698e-07,6.411866e-06,0,0
2024-05-14 05:36:00,4.1164063e-07,6.382184e-06,0,0
2024-05-14 05:37:00,4.064181e-07,6.346849e-06,0,0
2024-05-14 05:38:00,3.9882053e-07,6.3248467e-06,0,0
2024-05-14 05:39:00,3.8994864e-07,6.258273e-06,0,0
2024-05-14 05:40:00,3.8119066e-07,6.2026847e-06,0,0
2024-05-14 05:41:00,3.7572275e-07,6.160627e-06,0,0
2024-05-14 05:42:00,3.6824173e-07,6.135866e-06,0,0
2024-05-14 05:43:00,3.6584908e-07,6.125602e-06,0,0
2024-05-14 05:44:00,3.6283552e-07,6.150716e-06,0,0
2024-05-14 05:45:00,3.6169132e-07,6.1664996e-06,0,0
2024-05-14 05:46:00,3.5897824e-07,6.153983e-06,0,0
2024-05-14 05:47:00,3.561132e-07,6.1507544e-06,0,0
2024-05-14 05:48:00,3.4961224e-07,6.113771e-06,0,0
2024-05-14 05:49:00,3.4232997e-07,6.076282e-06,0,0
2024-05-14 05:50:00,3.389942e-07,6.0577186e-06,0,0
2024-05-14 05:51:00,3.3724305e-07,6.0692264e-06,0,0
2024-05-14 05:52:00,3.392038e-07,6.082059e-06,0,0
2024-05-14 05:53:00,3.3759105e-07,6.0957027e-06,0,0
2024-05-14 05:54:00,3.3852876e-07,6.121809e-06,0,0
2024-05-14 05:55:00,3.3824227e-07,6.1551495e-06,0,0
2024-05-14 05:56:00,3.3294216e-07,6.1475494e-06,0,0
2024-05-14 05:57:00,3.2871714e-07,6.1332244e-06,0,0
2024-05-14 05:58:00,3.2198167e-07,6.1106875e-06,0,0
2024-05-14 05:59:00,3.1663646e-07,6.0677007e-06,0,0
2024-05-14 06:00:00,3.0686348e-07,6.0138636e-06,0,0
2024-05-14 06:01:00,3.0024896e-07,5.9539047e-06,0,0
2024-05-14 06:02:00,2.9335683e-07,5.8853943e-06,0,0
2024-05-14 06:03:00,2.8685477e-07,5.819281e-06,0,0
2024-05-14 06:04:00,2.8015884e-07,5.7649536e-06,0,0
2024-05-14 06:05:00,2.775788e-07,5.7350344e-06,0,0
2024-05-14 06:06:00,2.7923713e-07,5.734593e-06,0,0
2024-05-14 06:07:00,2.8012718e-07,5.7350676e-06,0,0
2024-05-14 06:08:00,2.7856242e-07,5.7165944e-06,0,0
2024-05-14 06:09:00,2.771733e-07,5.7035104e-06,0,0
2024-05-14 06:10:00,2.9071006e-07,5.7751286e-06,0,0
2024-05-14 06:11:00,2.9573246e-07,5.853925e-06,0,0
2024-05-14 06:12:00,2.924262e-07,5.8640753e-06,0,0
2024-05-14 06:13:00,2.8640005e-07,5.8468404e-06,0,0
2024-05-14 06:14:00,2.7847742e-07,5.8064666e-06,0,0
2024-05-14 06:15:00,2.6893477e-07,5.750125e-06,0,0
2024-05-14 06:16:00,2.607887e-07,5.6875538e-06,0,0
2024-05-14 06:17:00,2.5372634e-07,5.6235167e-06,0,0
2024-05-14 06:18:00,2.4913905e-07,5.5598657e-06,0,0
2024-05-14 06:19:00,2.476318e-07,5.5307837e-06,0,0
2024-05-14 06:20:00,2.493043e-07,5.525875e-06,0,0
2024-05-14 06:21:00,2.4322105e-07,5.4845627e-06,0,0
2024-05-14 06:22:00,2.3788449e-07,5.444709e-06,0,0
2024-05-14 06:23:00,2.332315e-07,5.4018433e-06,0,0
2024-05-14 06:24:00,2.2948478e-07,5.359763e-06,0,0
2024-05-14 06:25:00,2.2916866e-07,5.336624e-06,0,0
2024-05-14 06:26:00,2.263179e-07,5.3215517e-06,0,0
2024-05-14 06:27:00,2.2406408e-07,5.3078365e-06,0,0
2024-05-14 06:28:00,2.1958564e-07,5.2850705e-06,0,0
2024-05-14 06:29:00,2.1692819e-07,5.2535815e-06,0,0
2024-05-14 06:30:00,2.2076091e-07,5.2558084e-06,0,0
2024-05-14 06:31:00,2.2063342e-07,5.2650425e-06,0,0
2024-05-14 06:32:00,2.2033662e-07,5.2544638e-06,0,0
2024-05-14 06:33:00,2.1667778e-07,5.229269e-06,0,0
2024-05-14 06:34:00,2.145946e-07,5.2056366e-06,0,0
2024-05-14 06:35:00,2.1209678e-07,5.18829e-06,0,0
2024-05-14 06:36:00,2.207961e-07,5.198477e-06,0,0
2024-05-14 06:37:00,2.2145791e-07,5.1907164e-06,0,0
2024-05-14 06:38:00,2.1851724e-07,5.1791503e-06,0,0
2024-05-14 06:39:00,2.1189689e-07,5.1587335e-06,0,0
2024-05-14 06:40:00,2.0806809e-07,5.1297466e-06,0,0
2024-05-14 06:41:00,2.0282668e-07,5.101167e-06,0,0
2024-05-14 06:42:00,1.9897101e-07,5.0725866e-06,0,0
2024-05-14 06:43:00,1.9576392e-07,5.05014e-06,0,0
2024-05-14 06:44:00,1.935742e-07,5.021655e-06,0,0
2024-05-14 06:45:00,1.8844709e-07,5.0018307e-06,0,0
2024-05-14 06:46:00,1.8405755e-07,4.974987e-06,0,0
2024-05-14 06:47:00,1.8324762e-07,4.953229e-06,0,0
2024-05-14 06:48:00,1.8143605e-07,4.9342634e-06,0,0
2024-05-14 06:49:00,1.8578265e-07,4.9847245e-06,0,0
2024-05-14 06:50:00,1.8806922e-07,5.0307303e-06,0,0
2024-05-14 06:51:00,1.8589246e-07,5.023049e-06,0,0
2024-05-14 06:52:00,1.8147787e-07,4.9882105e-06,0,0
2024-05-14 06:53:00,1.8254518e-07,4.9812397e-06,0,0
2024-05-14 06:54:00,1.8737349e-07,5.010554e-06,0,0
2024-05-14 06:55:00,1.9555952e-07,5.082673e-06,0,0
2024-05-14 06:56:00,2.0480073e-07,5.180006e-06,0,0
2024-05-14 06:57:00,2.099382e-07,5.2360406e-06,0,0
2024-05-14 06:58:00,2.1668036e-07,5.287989e-06,0,0
2024-05-14 06:59:00,2.2548478e-07,5.356134e-06,0,0
2024-05-14 07:00:00,2.2859165e-07,5.3900667e-06,0,0
2024-05-14 07:01:00,2.3075503e-07,5.420037e-06,0,0
2024-05-14 07:02:00,2.2757166e-07,5.4244388e-06,0,0
2024-05-14 07:03:00,2.2305571e-07,5.4127163e-06,0,0
2024-05-14 07:04:00,2.168102e-07,5.3857802e-06,0,0
2024-05-14 07:05:00,2.1409417e-07,5.359018e-06,0,0
2024-05-14 07:06:00,2.0665803e-07,5.3239223e-06,0,0
2024-05-14 07:07:00,2.0003807e-07,5.289359e-06,0,0
2024-05-14 07:08:00,1.980034e-07,5.258979e-06,0,0
2024-05-14 07:09:00,1.9421738e-07,5.245596e-06,0,0
2024-05-14 07:10:00,1.9047035e-07,5.2347264e-06,0,0
2024-05-14 07:11:00,1.8983911e-07,5.243992e-06,0,0
2024-05-14 07:12:00,1.8814477e-07,5.2556798e-06,0,0
2024-05-14 07:13:00,1.8668108e-07,5.2434307e-06,0,0
2024-05-14 07:14:00,1.8359296e-07,5.23007e-06,0,0
2024-05-14 07:15:00,1.845125e-07,5.227423e-06,0,0
2024-05-14 07:16:00,1.8250998e-07,5.2243718e-06,0,0
2024-05-14 07:17:00,1.8436042e-07,5.2488413e-06,0,0
2024-05-14 07:18:00,1.8721838e-07,5.281031e-06,0,0
2024-05-14 07:19:00,1.893457e-07,5.2998985e-06,0,0
2024-05-14 07:20:00,1.8559692e-07,5.2562e-06,0,0
2024-05-14 07:21:00,1.8052104e-07,5.1918473e-06,0,0
2024-05-14 07:22:00,1.761819e-07,5.1529114e-06,0,0
2024-05-14 07:23:00,1.7307914e-07,5.1266093e-06,0,0
2024-05-14 07:24:00,1.7048453e-07,5.0976687e-06,0,0
2024-05-14 07:25:00,1.6741824e-07,5.074012e-06,0,0
2024-05-14 07:26:00,1.6671875e-07,5.0598755e-06,0,0
2024-05-14 07:27:00,1.6543214e-07,5.0601916e-06,0,0
2024-05-14 07:28:00,1.6912333e-07,5.0826357e-06,0,0
2024-05-14 07:29:00,1.7230454e-07,5.129042e-06,0,0
2024-05-14 07:30:00,1.78935e-07,5.1815387e-06,0,0
2024-05-14 07:31:00,1.8199698e-07,5.2344953e-06,0,0
2024-05-14 07:32:00,1.8958143e-07,5.2864148e-06,0,0
2024-05-14 07:33:00,1.950932e-07,5.344553e-06,0,0
2024-05-14 07:34:00,2.0045867e-07,5.4082466e-06,0,0
2024-05-14 07:35:00,2.1898836e-07,5.559817e-06,0,0
2024-05-14 07:36:00,2.1990353e-07,5.605956e-06,0,0
2024-05-14 07:37:00,2.2381323e-07,5.6313925e-06,0,0
2024-05-14 07:38:00,2.2408517e-07,5.6468352e-06,0,0
2024-05-14 07:39:00,2.2221617e-07,5.6443414e-06,0,0
2024-05-14 07:40:00,2.2376112e-07,5.668623e-06,0,0
2024-05-14 07:41:00,2.2357744e-07,5.6735057e-06,0,0
2024-05-14 07:42:00,2.2138748e-07,5.6837234e-06,0,0
2024-05-14 07:43:00,2.1736322e-07,5.652685e-06,0,0
2024-05-14 07:44:00,2.1940973e-07,5.6640606e-06,0,0
2024-05-14 07:45:00,2.2084312e-07,5.716369e-06,0,0
2024-05-14 07:46:00,2.2574598e-07,5.775009e-06,0,0
2024-05-14 07:47:00,2.2769945e-07,5.8299547e-06,0,0
2024-05-14 07:48:00,2.2842195e-07,5.8723604e-06,0,0
2024-05-14 07:49:00,2.2759903e-07,5.880613e-06,0,0
2024-05-14 07:50:00,2.2671026e-07,5.860861e-06,0,0
2024-05-14 07:51:00,2.2573403e-07,5.8462156e-06,0,0
2024-05-14 07:52:00,2.2384111e-07,5.8478226e-06,0,0
2024-05-14 07:53:00,2.3140996e-07,5.8898095e-06,0,0
2024-05-14 07:54:00,2.3522932e-07,5.901861e-06,0,0
2024-05-14 07:55:00,2.457296e-07,5.9277486e-06,0,0
2024-05-14 07:56:00,2.6484557e-07,5.9551253e-06,0,0
2024-05-14 07:57:00,2.9626932e-07,6.0311622e-06,0,0
2024-05-14 07:58:00,3.518231e-07,6.182392e-06,0,0
2024-05-14 07:59:00,3.9129603e-07,6.312557e-06,0,0
2024-05-14 08:00:00,4.307018e-07,6.467196e-06,0,0
2024-05-14 08:01:00,4.7229167e-07,6.6241887e-06,0,0
2024-05-14 08:02:00,5.107888e-07,6.7575393e-06,0,0
2024-05-14 08:03:00,5.347168e-07,6.8504073e-06,0,0
2024-05-14 08:04:00,5.5147075e-07,6.9302837e-06,0,0
2024-05-14 08:05:00,5.712486e-07,7.0176125e-06,0,0
2024-05-14 08:06:00,5.872994e-07,7.106444e-06,0,0
2024-05-14 08:07:00,6.0342757e-07,7.20732e-06,0,0
2024-05-14 08:08:00,6.230332e-07,7.3046326e-06,0,0
2024-05-14 08:09:00,6.425667e-07,7.393362e-06,0,0
2024-05-14 08:10:00,6.583754e-07,7.4912377e-06,0,0
2024-05-14 08:11:00,6.667915e-07,7.567107e-06,0,0
2024-05-14 08:12:00,6.6953174e-07,7.615504e-06,0,0
2024-05-14 08:13:00,6.778754e-07,7.671798e-06,0,0
2024-05-14 08:14:00,6.900955e-07,7.758695e-06,0,0
2024-05-14 08:15:00,6.9963124e-07,7.819662e-06,0,0
2024-05-14 08:16:00,7.044195e-07,7.865597e-06,0,0
2024-05-14 08:17:00,7.1041984e-07,7.91688e-06,0,0
2024-05-14 08:18:00,7.185774e-07,7.955482e-06,0,0
2024-05-14 08:19:00,7.184523e-07,7.9844385e-06,0,0
2024-05-14 08:20:00,7.249611e-07,8.0223435e-06,0,0
2024-05-14 08:21:00,7.306783e-07,8.061818e-06,0,0
2024-05-14 08:22:00,7.281113e-07,8.082775e-06,0,0
2024-05-14 08:23:00,7.2789356e-07,8.108326e-06,0,0
2024-05-14 08:24:00,7.2894426e-07,8.148001e-06,0,0
2024-05-14 08:25:00,7.2449046e-07,8.172336e-06,0,0
2024-05-14 08:26:00,7.252103e-07,8.200209e-06,0,0
2024-05-14 08:27:00,7.212006e-07,8.211381e-06,0,0
2024-05-14 08:28:00,7.114216e-07,8.185663e-06,0,0
2024-05-14 08:29:00,7.045147e-07,8.189383e-06,0,0
2024-05-14 08:30:00,7.030353e-07,8.20485e-06,0,0
2024-05-14 08:31:00,6.9380013e-07,8.188241e-06,0,0
2024-05-14 08:32:00,6.8885174e-07,8.180981e-06,0,0
2024-05-14 08:33:00,6.8410355e-07,8.170551e-06,0,0
2024-05-14 08:34:00,6.770383e-07,8.146262e-06,0,0
2024-05-14 08:35:00,6.6540673e-07,8.092107e-06,0,0
2024-05-14 08:36:00,6.55725e-07,8.056556e-06,0,0
2024-05-14 08:37:00,6.4966565e-07,8.032048e-06,0,0
2024-05-14 08:38:00,6.389917e-07,7.994547e-06,0,0
2024-05-14 08:39:00,6.317345e-07,7.958471e-06,0,0
2024-05-14 08:40:00,6.243392e-07,7.918506e-06,0,0
2024-05-14 08:41:00,6.19928e-07,7.8745725e-06,0,0
2024-05-14 08:42:00,6.099668e-07,7.839942e-06,0,0
2024-05-14 08:43:00,6.0181526e-07,7.799704e-06,0,0
2024-05-14 08:44:00,5.971636e-07,7.777514e-06,0,0
2024-05-14 08:45:00,5.8941015e-07,7.75101e-06,0,0
2024-05-14 08:46:00,5.87052e-07,7.719699e-06,0,0
2024-05-14 08:47:00,5.8253073e-07,7.704462e-06,0,0
2024-05-14 08:48:00,5.770846e-07,7.687138e-06,0,0
2024-05-14 08:49:00,5.719745e-07,7.654951e-06,0,0
2024-05-14 08:50:00,5.679245e-07,7.6376e-06,0,0
2024-05-14 08:51:00,5.6414723e-07,7.6264546e-06,0,0
2024-05-14 08:52:00,5.6416434e-07,7.643093e-06,0,0
2024-05-14 08:53:00,5.597369e-07,7.6260685e-06,0,0
2024-05-14 08:54:00,5.517555e-07,7.5797802e-06,0,0
2024-05-14 08:55:00,5.4634376e-07,7.5474695e-06,0,0
2024-05-14 08:56:00,5.403011e-07,7.51123e-06,0,0
2024-05-14 08:57:00,5.360063e-07,7.4820728e-06,0,0
2024-05-14 08:58:00,5.3123154e-07,7.4548984e-06,0,0
2024-05-14 08:59:00,5.26282e-07,7.4124036e-06,0,0
2024-05-14 09:00:00,5.177222e-07,7.3596266e-06,0,0
2024-05-14 09:01:00,5.085156e-07,7.3193805e-06,0,0
2024-05-14 09:02:00,5.0265794e-07,7.2801213e-06,0,0
2024-05-14 09:03:00,4.95355e-07,7.2238804e-06,0,0
2024-05-14 09:04:00,4.881664e-07,7.168433e-06,0,0
2024-05-14 09:05:00,4.822874e-07,7.142652e-06,0,0
2024-05-14 09:06:00,4.8128487e-07,7.1388376e-06,0,0
2024-05-14 09:07:00,4.7992063e-07,7.145802e-06,0,0
2024-05-14 09:08:00,4.769578e-07,7.161689e-06,0,0
2024-05-14 09:09:00,4.7656292e-07,7.1642057e-06,0,0
2024-05-14 09:10:00,4.7271863e-07,7.157422e-06,0,0
2024-05-14 09:11:00,4.6925328e-07,7.146892e-06,0,0
2024-05-14 09:12:00,4.6718e-07,7.1540253e-06,0,0
2024-05-14 09:13:00,4.6833702e-07,7.1874306e-06,0,0
2024-05-14 09:14:00,4.6895516e-07,7.205544e-06,0,0
2024-05-14 09:15:00,4.6636887e-07,7.202289e-06,0,0
2024-05-14 09:16:00,4.6031943e-07,7.1739255e-06,0,0
2024-05-14 09:17:00,4.5437878e-07,7.1602785e-06,0,0
2024-05-14 09:18:00,4.5036828e-07,7.142462e-06,0,0
2024-05-14 09:19:00,4.4600213e-07,7.1168747e-06,0,0
2024-05-14 09:20:00,4.3771277e-07,7.08359e-06,0,0
2024-05-14 09:21:00,4.3423242e-07,7.068263e-06,0,0
2024-05-14 09:22:00,4.3112675e-07,7.0593937e-06,0,0
2024-05-14 09:23:00,4.3142907e-07,7.071336e-06,0,0
2024-05-14 09:24:00,4.3234633e-07,7.085772e-06,0,0
2024-05-14 09:25:00,4.357706e-07,7.1156546e-06,0,0
2024-05-14 09:26:00,4.3683406e-07,7.146783e-06,0,0
2024-05-14 09:27:00,4.4320458e-07,7.218546e-06,0,0
2024-05-14 09:28:00,4.5443514e-07,7.297577e-06,0,0
2024-05-14 09:29:00,4.608969e-07,7.3925867e-06,0,0
2024-05-14 09:30:00,4.7018514e-07,7.48699e-06,0,0
2024-05-14 09:31:00,4.804069e-07,7.6128445e-06,0,0
2024-05-14 09:32:00,4.9630444e-07,7.801056e-06,0,0
2024-05-14 09:33:00,5.118155e-07,7.984576e-06,0,0
2024-05-14 09:34:00,5.1418505e-07,8.06268e-06,0,0
2024-05-14 09:35:00,5.1588705e-07,8.131976e-06,0,0
2024-05-14 09:36:00,5.139836e-07,8.186601e-06,0,0
2024-05-14 09:37:00,5.187438e-07,8.25668e-06,0,0
2024-05-14 09:38:00,5.2260935e-07,8.333188e-06,0,0
2024-05-14 09:39:00,5.248242e-07,8.390475e-06,0,0
2024-05-14 09:40:00,5.2510455e-07,8.450809e-06,0,0
2024-05-14 09:41:00,5.3685113e-07,8.570753e-06,0,0
2024-05-14 09:42:00,5.432571e-07,8.683006e-06,0,0
2024-05-14 09:43:00,5.432876e-07,8.739804e-06,0,0
2024-05-14 09:44:00,5.509236e-07,8.808437e-06,0,0
2024-05-14 09:45:00,5.561855e-07,8.903382e-06,0,0
2024-05-14 09:46:00,5.6508895e-07,9.037741e-06,0,0
2024-05-14 09:47:00,5.6622065e-07,9.133903e-06,0,0
2024-05-14 09:48:00,5.658042e-07,9.189466e-06,0,0
2024-05-14 09:49:00,5.687982e-07,9.263058e-06,0,0
2024-05-14 09:50:00,5.727828e-07,9.33976e-06,0,0
2024-05-14 09:51:00,5.737037e-07,9.414846e-06,0,0
2024-05-14 09:52:00,5.7687157e-07,9.49996e-06,0,0
2024-05-14 09:53:00,5.8292295e-07,9.592051e-06,0,0
2024-05-14 09:54:00,5.8720354e-07,9.693517e-06,0,0
2024-05-14 09:55:00,5.920691e-07,9.77794e-06,0,0
2024-05-14 09:56:00,5.9530316e-07,9.857169e-06,0,0
2024-05-14 09:57:00,5.998831e-07,9.960479e-06,0,0
2024-05-14 09:58:00,6.0960593e-07,1.0071299e-05,0,0
2024-05-14 09:59:00,6.0817695e-07,1.0154936e-05,0,0
2024-05-14 10:00:00,6.1051935e-07,1.0239069e-05,0,0
2024-05-14 10:01:00,6.097692e-07,1.0319883e-05,0,0
2024-05-14 10:02:00,6.109959e-07,1.0408999e-05,0,0
2024-05-14 10:03:00,6.141229e-07,1.04845285e-05,0,0
2024-05-14 10:04:00,6.388879e-07,1.0701181e-05,0,0
2024-05-14 10:05:00,7.0714816e-07,1.1139302e-05,0,0
2024-05-14 10:06:00,7.492662e-07,1.1532811e-05,0,0
2024-05-14 10:07:00,7.4317643e-07,1.169575e-05,0,0
2024-05-14 10:08:00,7.279984e-07,1.1762856e-05,0,0
2024-05-14 10:09:00,6.948539e-07,1.1635107e-05,0,0
2024-05-14 10:10:00,6.672997e-07,1.15078055e-05,0,0
2024-05-14 10:11:00,6.4313457e-07,1.1344535e-05,0,0
2024-05-14 10:12:00,6.224317e-07,1.1145864e-05,0,0
2024-05-14 10:13:00,6.1100906e-07,1.1013624e-05,0,0
2024-05-14 10:14:00,6.034379e-07,1.0919884e-05,0,0
2024-05-14 10:15:00,5.9016264e-07,1.0814872e-05,0,0
2024-05-14 10:16:00,5.9593697e-07,1.0800996e-05,0,0
2024-05-14 10:17:00,6.0688996e-07,1.0874924e-05,0,0
2024-05-14 10:18:00,6.0116605e-07,1.088091e-05,0,0
2024-05-14 10:19:00,5.866461e-07,1.0805192e-05,0,0
2024-05-14 10:20:00,5.7354526e-07,1.0727788e-05,0,0
2024-05-14 10:21:00,5.632307e-07,1.0676743e-05,0,0
2024-05-14 10:22:00,5.5243083e-07,1.0612788e-05,0,0
2024-05-14 10:23:00,5.435435e-07,1.0519644e-05,0,0
2024-05-14 10:24:00,5.3761187e-07,1.0455348e-05,0,0
2024-05-14 10:25:00,5.322823e-07,1.0448878e-05,0,0
2024-05-14 10:26:00,5.4186313e-07,1.0552411e-05,0,0
2024-05-14 10:27:00,5.595438e-07,1.0686889e-05,0,0
2024-05-14 10:28:00,5.530618e-07,1.0697953e-05,0,0
2024-05-14 10:29:00,5.436342e-07,1.0679323e-05,0,0
2024-05-14 10:30:00,5.322892e-07,1.061847e-05,0,0
2024-05-14 10:31:00,5.1856824e-07,1.054013e-05,0,0
2024-05-14 10:32:00,5.049091e-07,1.04483315e-05,0,0
2024-05-14 10:33:00,4.9961324e-07,1.037611e-05,0,0
2024-05-14 10:34:00,4.822665e-07,1.0267659e-05,0,0
2024-05-14 10:35:00,4.7033922e-07,1.0150146e-05,0,0
2024-05-14 10:36:00,4.6259697e-07,1.0046588e-05,0,0
2024-05-14 10:37:00,4.6736096e-07,1.0039537e-05,0,0
2024-05-14 10:38:00,4.4816437e-07,9.906092e-06,0,0
2024-05-14 10:39:00,4.3463143e-07,9.756096e-06,0,0
2024-05-14 10:40:00,4.2558023e-07,9.637176e-06,0,0
2024-05-14 10:41:00,4.2272055e-07,9.566644e-06,0,0
2024-05-14 10:42:00,4.13799e-07,9.471267e-06,0,0
2024-05-14 10:43:00,4.0981215e-07,9.396562e-06,0,0
2024-05-14 10:44:00,4.013609e-07,9.309416e-06,0,0
2024-05-14 10:45:00,3.9499406e-07,9.204691e-06,0,0
2024-05-14 10:46:00,3.9133462e-07,9.127015e-06,0,0
2024-05-14 10:47:00,3.8781533e-07,9.0712765e-06,0,0
2024-05-14 10:48:00,3.82347e-07,8.984271e-06,0,0
2024-05-14 10:49:00,3.8653187e-07,8.965023e-06,0,0
2024-05-14 10:50:00,3.994426e-07,8.998633e-06,0,0
2024-05-14 10:51:00,4.1897812e-07,9.029914e-06,0,0
2024-05-14 10:52:00,4.262092e-07,9.035556e-06,0,0
2024-05-14 10:53:00,4.2587712e-07,9.020949e-06,0,0
2024-05-14 10:54:00,4.232251e-07,9.008545e-06,0,0
2024-05-14 10:55:00,4.1314615e-07,8.946245e-06,0,0
2024-05-14 10:56:00,4.0284257e-07,8.86436e-06,0,0
2024-05-14 10:57:00,4.0345378e-07,8.817776e-06,0,0
2024-05-14 10:58:00,4.0543273e-07,8.813503e-06,0,0
2024-05-14 10:59:00,4.0233047e-07,8.783024e-06,0,0
2024-05-14 11:00:00,3.846665e-07,8.674863e-06,0,0
2024-05-14 11:01:00,3.6710756e-07,8.551782e-06,0,0
2024-05-14 11:02:00,3.5301954e-07,8.434655e-06,0,0
2024-05-14 11:03:00,3.4325558e-07,8.328449e-06,0,0
2024-05-14 11:04:00,3.3282666e-07,8.237168e-06,0,0
2024-05-14 11:05:00,3.273422e-07,8.166643e-06,0,0
2024-05-14 11:06:00,3.239351e-07,8.131438e-06,0,0
2024-05-14 11:07:00,3.1842544e-07,8.083972e-06,0,0
2024-05-14 11:08:00,3.1930907e-07,8.059518e-06,0,0
2024-05-14 11:09:00,3.3610368e-07,8.145131e-06,0,0
2024-05-14 11:10:00,3.333016e-07,8.1537455e-06,0,0
2024-05-14 11:11:00,3.3244086e-07,8.11164e-06,0,0
2024-05-14 11:12:00,3.412357e-07,8.1511735e-06,0,0
2024-05-14 11:13:00,3.9829789e-07,8.465994e-06,0,0
2024-05-14 11:14:00,3.5983166e-07,8.3918185e-06,0,0
2024-05-14 11:15:00,3.2528573e-07,8.192986e-06,0,0
2024-05-14 11:16:00,3.082159e-07,8.028942e-06,0,0
2024-05-14 11:17:00,3.042456e-07,7.966922e-06,0,0
2024-05-14 11:18:00,3.002922e-07,7.916477e-06,0,0
2024-05-14 11:19:00,2.898491e-07,7.818674e-06,0,0
2024-05-14 11:20:00,2.8299553e-07,7.723777e-06,0,0
2024-05-14 11:21:00,2.7825777e-07,7.664757e-06,0,0
2024-05-14 11:22:00,3.1196547e-07,7.721216e-06,0,0
2024-05-14 11:23:00,3.8000744e-07,7.95509e-06,0,0
2024-05-14 11:24:00,3.911514e-07,8.048558e-06,0,0
2024-05-14 11:25:00,3.8722797e-07,8.073319e-06,0,0
2024-05-14 11:26:00,3.7362173e-07,8.048481e-06,0,0
2024-05-14 11:27:00,3.45427e-07,7.967043e-06,0,0
2024-05-14 11:28:00,3.1944543e-07,7.848764e-06,0,0
2024-05-14 11:29:00,3.0172936e-07,7.727058e-06,0,0
2024-05-14 11:30:00,2.8784078e-07,7.63517e-06,0,0
2024-05-14 11:31:00,2.7747598e-07,7.538497e-06,0,0
2024-05-14 11:32:00,2.6852652e-07,7.465601e-06,0,0
2024-05-14 11:33:00,2.6414952e-07,7.412361e-06,0,0
2024-05-14 11:34:00,2.6285477e-07,7.3824967e-06,0,0
2024-05-14 11:35:00,2.614899e-07,7.35079e-06,0,0
2024-05-14 11:36:00,2.5328566e-07,7.290207e-06,0,0
2024-05-14 11:37:00,2.4839434e-07,7.223905e-06,0,0
2024-05-14 11:38:00,2.4329677e-07,7.1590675e-06,0,0
2024-05-14 11:39:00,2.3992558e-07,7.0962296e-06,0,0
2024-05-14 11:40:00,2.3741704e-07,7.048971e-06,0,0
2024-05-14 11:41:00,2.3478633e-07,7.0065107e-06,0,0
2024-05-14 11:42:00,2.3150513e-07,6.9676666e-06,0,0
2024-05-14 11:43:00,2.2817032e-07,6.9246835e-06,0,0
2024-05-14 11:44:00,2.2468045e-07,6.905352e-06,0,0
2024-05-14 11:45:00,2.2384042e-07,6.8847357e-06,0,0
2024-05-14 11:46:00,2.2071848e-07,6.854201e-06,0,0
2024-05-14 11:47:00,2.1922598e-07,6.8361446e-06,0,0
2024-05-14 11:48:00,2.2041817e-07,6.832047e-06,0,0
2024-05-14 11:49:00,2.2028956e-07,6.837932e-06,0,0
2024-05-14 11:50:00,2.2973298e-07,6.86713e-06,0,0
2024-05-14 11:51:00,2.4025096e-07,6.908231e-06,0,0
2024-05-14 11:52:00,2.423911e-07,6.9269972e-06,0,0
2024-05-14 11:53:00,2.3659217e-07,6.894398e-06,0,0
2024-05-14 11:54:00,2.3081746e-07,6.860338e-06,0,0
2024-05-14 11:55:00,2.2264395e-07,6.817047e-06,0,0
2024-05-14 11:56:00,2.1630431e-07,6.7603573e-06,0,0
2024-05-14 11:57:00,2.1273691e-07,6.7076353e-06,0,0
2024-05-14 11:58:00,2.1170719e-07,6.662107e-06,0,0
2024-05-14 11:59:00,2.146348e-07,6.6410203e-06,0,0
2024-05-14 12:00:00,2.3565173e-07,6.660451e-06,0,0
2024-05-14 12:01:00,2.724677e-07,6.7459264e-06,0,0
2024-05-14 12:02:00,3.0806842e-07,6.863275e-06,0,0
2024-05-14 12:03:00,3.3643119e-07,6.9609473e-06,0,0
2024-05-14 12:04:00,3.5748087e-07,7.036863e-06,0,0
2024-05-14 12:05:00,3.7314595e-07,7.1037725e-06,0,0
2024-05-14 12:06:00,3.7908507e-07,7.13474e-06,0,0
2024-05-14 12:07:00,3.774944e-07,7.1536188e-06,0,0
2024-05-14 12:08:00,3.746464e-07,7.15757e-06,0,0
2024-05-14 12:09:00,3.740032e-07,7.165359e-06,0,0
2024-05-14 12:10:00,3.7240525e-07,7.1786835e-06,0,0
2024-05-14 12:11:00,3.6650866e-07,7.1758523e-06,0,0
2024-05-14 12:12:00,3.5759612e-07,7.1662666e-06,0,0
2024-05-14 12:13:00,3.486016e-07,7.141941e-06,0,0
2024-05-14 12:14:00,3.4258466e-07,7.129667e-06,0,0
2024-05-14 12:15:00,3.3261617e-07,7.1118193e-06,0,0
2024-05-14 12:16:00,3.2623268e-07,7.081866e-06,0,0
2024-05-14 12:17:00,3.170833e-07,7.0368e-06,0,0
2024-05-14 12:18:00,3.0642883e-07,6.9902458e-06,0,0
2024-05-14 12:19:00,2.9890856e-07,6.956e-06,0,0
2024-05-14 12:20:00,2.9307554e-07,6.9285757e-06,0,0
2024-05-14 12:21:00,2.8936788e-07,6.9071752e-06,0,0
2024-05-14 12:22:00,2.8537994e-07,6.8877453e-06,0,0
2024-05-14 12:23:00,2.8730474e-07,6.8993368e-06,0,0
2024-05-14 12:24:00,2.9159926e-07,6.930739e-06,0,0
2024-05-14 12:25:00,2.944571e-07,6.9611747e-06,0,0
2024-05-14 12:26:00,3.004606e-07,6.9974794e-06,0,0
2024-05-14 12:27:00,3.1148053e-07,7.0642964e-06,0,0
2024-05-14 12:28:00,3.2327077e-07,7.144367e-06,0,0
2024-05-14 12:29:00,3.4212985e-07,7.2640987e-06,0,0
2024-05-14 12:30:00,3.634928e-07,7.39444e-06,0,0
2024-05-14 12:31:00,3.7292529e-07,7.4506083e-06,0,0
2024-05-14 12:32:00,3.839436e-07,7.4820437e-06,0,0
2024-05-14 12:33:00,3.8537817e-07,7.470058e-06,0,0
2024-05-14 12:34:00,3.9776995e-07,7.4979725e-06,0,0
2024-05-14 12:35:00,4.0947415e-07,7.5443136e-06,0,0
2024-05-14 12:36:00,4.2460857e-07,7.6317865e-06,0,0
2024-05-14 12:37:00,4.3206708e-07,7.678778e-06,0,0
2024-05-14 12:38:00,4.309932e-07,7.6885135e-06,0,0
2024-05-14 12:39:00,4.2405566e-07,7.6627275e-06,0,0
2024-05-14 12:40:00,4.2873583e-07,7.643266e-06,0,0
2024-05-14 12:41:00,4.4482175e-07,7.6665e-06,0,0
2024-05-14 12:42:00,4.904748e-07,7.768182e-06,0,0
2024-05-14 12:43:00,6.1581756e-07,8.079761e-06,0,0
2024-05-14 12:44:00,8.4475755e-07,8.698186e-06,0,0
2024-05-14 12:45:00,1.2759842e-06,9.738076e-06,0,0
2024-05-14 12:46:00,2.584034e-06,1.2601983e-05,0,0
2024-05-14 12:47:00,6.6898187e-06,2.045238e-05,0,0
2024-05-14 12:48:00,1.32161495e-05,3.3683315e-05,0,0
2024-05-14 12:49:00,2.1515565e-05,5.1031257e-05,0,0
2024-05-14 12:50:00,3.089673e-05,7.141159e-05,0,0
2024-05-14 12:51:00,3.8147973e-05,9.075502e-05,0,0
2024-05-14 12:52:00,4.255013e-05,0.000107240245,0,0
2024-05-14 12:53:00,4.4112705e-05,0.00011705995,0,0
2024-05-14 12:54:00,4.3480406e-05,0.00012254673,0,0
2024-05-14 12:55:00,4.1167837e-05,0.00012378063,0,0
2024-05-14 12:56:00,3.7824186e-05,0.00012200812,0,0
2024-05-14 12:57:00,3.3792618e-05,0.000117170566,0,0
2024-05-14 12:58:00,2.9230154e-05,0.00011017947,0,0
2024-05-14 12:59:00,2.5119765e-05,0.00010208493,0,0
2024-05-14 13:00:00,2.1391837e-05,9.327358e-05,0,0
2024-05-14 13:01:00,1.8226901e-05,8.476112e-05,0,0
2024-05-14 13:02:00,1.5635884e-05,7.6638404e-05,0,0
2024-05-14 13:03:00,1.3509242e-05,6.9063724e-05,0,0
2024-05-14 13:04:00,1.1825483e-05,6.239794e-05,0,0
2024-05-14 13:05:00,1.0345916e-05,5.655635e-05,0,0
2024-05-14 13:06:00,9.193829e-06,5.140838e-05,0,0
2024-05-14 13:07:00,8.108754e-06,4.6869634e-05,0,0
2024-05-14 13:08:00,7.155831e-06,4.2774707e-05,0,0
2024-05-14 13:09:00,6.356257e-06,3.9125956e-05,0,0
2024-05-14 13:10:00,5.6174217e-06,3.575757e-05,0,0
2024-05-14 13:11:00,4.967529e-06,3.26948e-05,0,0
2024-05-14 13:12:00,4.4084445e-06,3.0005845e-05,0,0
2024-05-14 13:13:00,3.9152014e-06,2.7626047e-05,0,0
2024-05-14 13:14:00,3.4685943e-06,2.5481855e-05,0,0
2024-05-14 13:15:00,3.0840301e-06,2.3584762e-05,0,0
2024-05-14 13:16:00,2.7469557e-06,2.1876547e-05,0,0
2024-05-14 13:17:00,2.4558167e-06,2.0307882e-05,0,0
2024-05-14 13:18:00,2.1883043e-06,1.8874849e-05,0,0
2024-05-14 13:19:00,1.9507747e-06,1.7562392e-05,0,0
2024-05-14 13:20:00,1.7404373e-06,1.6372527e-05,0,0
2024-05-14 13:21:00,1.5608243e-06,1.5317775e-05,0,0
2024-05-14 13:22:00,1.3974693e-06,1.4357108e-05,0,0
2024-05-14 13:23:00,1.2462408e-06,1.3476931e-05,0,0
2024-05-14 13:24:00,1.1144605e-06,1.2705823e-05,0,0
2024-05-14 13:25:00,9.997211e-07,1.1970897e-05,0,0
2024-05-14 13:26:00,8.985249e-07,1.13447595e-05,0,0
2024-05-14 13:27:00,8.129817e-07,1.0766031e-05,0,0
2024-05-14 13:28:00,7.321699e-07,1.0237309e-05,0,0
2024-05-14 13:29:00,6.64779e-07,9.778909e-06,0,0
2024-05-14 13:30:00,6.060632e-07,9.359089e-06,0,0
2024-05-14 13:31:00,5.541002e-07,8.982497e-06,0,0
2024-05-14 13:32:00,5.105263e-07,8.636169e-06,0,0
2024-05-14 13:33:00,4.6966014e-07,8.334999e-06,0,0
2024-05-14 13:34:00,4.3710835e-07,8.076722e-06,0,0
2024-05-14 13:35:00,4.07801e-07,7.845557e-06,0,0
2024-05-14 13:36:00,3.8050106e-07,7.6236392e-06,0,0
2024-05-14 13:37:00,3.52264e-07,7.4039717e-06,0,0
2024-05-14 13:38:00,3.3097405e-07,7.210817e-06,0,0
2024-05-14 13:39:00,3.0849176e-07,7.0486944e-06,0,0
2024-05-14 13:40:00,2.9439593e-07,6.9029516e-06,0,0
2024-05-14 13:41:00,2.7791822e-07,6.761623e-06,0,0
2024-05-14 13:42:00,2.6206837e-07,6.6305283e-06,0,0
2024-05-14 13:43:00,2.512733e-07,6.527057e-06,0,0
2024-05-14 13:44:00,2.4133362e-07,6.4195915e-06,0,0
2024-05-14 13:45:00,2.3486389e-07,6.355525e-06,0,0
2024-05-14 13:46:00,2.2847485e-07,6.3153116e-06,0,0
2024-05-14 13:47:00,2.2921184e-07,6.306439e-06,0,0
2024-05-14 13:48:00,2.3545805e-07,6.3360526e-06,0,0
2024-05-14 13:49:00,2.265007e-07,6.2909494e-06,0,0
2024-05-14 13:50:00,2.138446e-07,6.2064873e-06,0,0
2024-05-14 13:51:00,2.0279657e-07,6.107874e-06,0,0
2024-05-14 13:52:00,1.919068e-07,6.002729e-06,0,0
2024-05-14 13:53:00,1.8396806e-07,5.9065314e-06,0,0
2024-05-14 13:54:00,1.7771428e-07,5.8502023e-06,0,0
2024-05-14 13:55:00,1.7471683e-07,5.7838874e-06,0,0
2024-05-14 13:56:00,1.6957404e-07,5.6990925e-06,0,0
2024-05-14 13:57:00,1.639868e-07,5.6266667e-06,0,0
2024-05-14 13:58:00,1.6239049e-07,5.588188e-06,0,0
2024-05-14 13:59:00,1.6522993e-07,5.5858955e-06,0,0
2024-05-14 14:00:00,1.7325816e-07,5.5856813e-06,0,0
2024-05-14 14:01:00,1.7487385e-07,5.603205e-06,0,0
2024-05-14 14:02:00,1.6995584e-07,5.570447e-06,0,0
2024-05-14 14:03:00,1.6157415e-07,5.517282e-06,0,0
2024-05-14 14:04:00,1.5754671e-07,5.463404e-06,0,0
2024-05-14 14:05:00,1.5645705e-07,5.4245897e-06,0,0
2024-05-14 14:06:00,1.5373057e-07,5.383343e-06,0,0
2024-05-14 14:07:00,1.529595e-07,5.358922e-06,0,0
2024-05-14 14:08:00,1.5515376e-07,5.3473163e-06,0,0
2024-05-14 14:09:00,1.5903147e-07,5.3439203e-06,0,0
2024-05-14 14:10:00,1.6762391e-07,5.3829012e-06,0,0
2024-05-14 14:11:00,1.6744985e-07,5.387245e-06,0,0
2024-05-14 14:12:00,1.6142094e-07,5.3561644e-06,0,0
2024-05-14 14:13:00,1.541893e-07,5.3016865e-06,0,0
2024-05-14 14:14:00,1.498554e-07,5.2585524e-06,0,0
2024-05-14 14:15:00,1.4430714e-07,5.2073897e-06,0,0
2024-05-14 14:16:00,1.419899e-07,5.1555385e-06,0,0
2024-05-14 14:17:00,1.4088766e-07,5.124489e-06,0,0
2024-05-14 14:18:00,1.3960803e-07,5.1079296e-06,0,0
2024-05-14 14:19:00,1.4209898e-07,5.0984763e-06,0,0
2024-05-14 14:20:00,1.3996402e-07,5.0805083e-06,0,0
2024-05-14 14:21:00,1.3951428e-07,5.0569306e-06,0,0
2024-05-14 14:22:00,1.3853318e-07,5.031753e-06,0,0
2024-05-14 14:23:00,1.3847502e-07,5.0281387e-06,0,0
2024-05-14 14:24:00,1.4284302e-07,5.0230005e-06,0,0
2024-05-14 14:25:00,1.4251424e-07,5.0107355e-06,0,0
2024-05-14 14:26:00,1.4264363e-07,4.990272e-06,0,0
2024-05-14 14:27:00,1.3923612e-07,4.974389e-06,0,0
2024-05-14 14:28:00,1.4097598e-07,4.9514965e-06,0,0
2024-05-14 14:29:00,1.3876533e-07,4.9281425e-06,0,0
2024-05-14 14:30:00,1.3482875e-07,4.907113e-06,0,0
2024-05-14 14:31:00,1.3502515e-07,4.896489e-06,0,0
2024-05-14 14:32:00,1.3597163e-07,4.8888664e-06,0,0
2024-05-14 14:33:00,1.3637137e-07,4.8945703e-06,0,0
2024-05-14 14:34:00,1.3944319e-07,4.9024384e-06,0,0
2024-05-14 14:35:00,1.4165094e-07,4.905816e-06,0,0
2024-05-14 14:36:00,1.5060857e-07,4.9363794e-06,0,0
2024-05-14 14:37:00,1.5783999e-07,4.977483e-06,0,0
2024-05-14 14:38:00,1.6518206e-07,5.019701e-06,0,0
2024-05-14 14:39:00,1.7115391e-07,5.0590265e-06,0,0
2024-05-14 14:40:00,1.7659526e-07,5.0895164e-06,0,0
2024-05-14 14:41:00,1.7833555e-07,5.122475e-06,0,0
2024-05-14 14:42:00,1.797519e-07,5.133162e-06,0,0
2024-05-14 14:43:00,1.7824256e-07,5.1284783e-06,0,0
2024-05-14 14:44:00,1.8050737e-07,5.1508937e-06,0,0
2024-05-14 14:45:00,1.8608463e-07,5.1957077e-06,0,0
2024-05-14 14:46:00,2.0181794e-07,5.2775076e-06,0,0
2024-05-14 14:47:00,2.199537e-07,5.390394e-06,0,0
2024-05-14 14:48:00,2.6379072e-07,5.6134472e-06,0,0
2024-05-14 14:49:00,2.9297075e-07,5.817136e-06,0,0
2024-05-14 14:50:00,2.801611e-07,5.8511746e-06,0,0
2024-05-14 14:51:00,2.816284e-07,5.893422e-06,0,0
2024-05-14 14:52:00,2.8270938e-07,5.923256e-06,0,0
2024-05-14 14:53:00,2.673887e-07,5.8858614e-06,0,0
2024-05-14 14:54:00,2.5713265e-07,5.8513806e-06,0,0
2024-05-14 14:55:00,2.4901465e-07,5.815758e-06,0,0
2024-05-14 14:56:00,2.3915783e-07,5.7667967e-06,0,0
2024-05-14 14:57:00,2.2617685e-07,5.6961317e-06,0,0
2024-05-14 14:58:00,2.1576325e-07,5.6286167e-06,0,0
2024-05-14 14:59:00,2.1379373e-07,5.582419e-06,0,0
2024-05-14 15:00:00,2.1025365e-07,5.5560777e-06,0,0
2024-05-14 15:01:00,2.1233639e-07,5.542982e-06,0,0
2024-05-14 15:02:00,2.0400768e-07,5.4611933e-06,0,0
2024-05-14 15:03:00,2.0332489e-07,5.405158e-06,0,0
2024-05-14 15:04:00,2.0447378e-07,5.3805416e-06,0,0
2024-05-14 15:05:00,2.0918361e-07,5.3815643e-06,0,0
2024-05-14 15:06:00,2.1560835e-07,5.3869107e-06,0,0
2024-05-14 15:07:00,2.191747e-07,5.399228e-06,0,0
2024-05-14 15:08:00,2.2498777e-07,5.4180073e-06,0,0
2024-05-14 15:09:00,2.3412795e-07,5.442278e-06,0,0
2024-05-14 15:10:00,2.4501173e-07,5.465929e-06,0,0
2024-05-14 15:11:00,2.4565887e-07,5.4675056e-06,0,0
2024-05-14 15:12:00,2.4404713e-07,5.4598236e-06,0,0
2024-05-14 15:13:00,2.426858e-07,5.446957e-06,0,0
2024-05-14 15:14:00,2.418161e-07,5.4265893e-06,0,0
2024-05-14 15:15:00,2.5221294e-07,5.424327e-06,0,0
2024-05-14 15:16:00,2.7160007e-07,5.4472416e-06,0,0
2024-05-14 15:17:00,3.0955852e-07,5.556205e-06,0,0
2024-05-14 15:18:00,3.6729227e-07,5.727762e-06,0,0
2024-05-14 15:19:00,4.2764063e-07,5.9490326e-06,0,0
2024-05-14 15:20:00,5.0762935e-07,6.2456384e-06,0,0
2024-05-14 15:21:00,6.5635925e-07,6.770954e-06,0,0
2024-05-14 15:22:00,7.528215e-07,7.2667885e-06,0,0
2024-05-14 15:23:00,7.9768176e-07,7.5743296e-06,0,0
2024-05-14 15:24:00,8.849794e-07,7.976033e-06,0,0
2024-05-14 15:25:00,9.793915e-07,8.547071e-06,0,0
2024-05-14 15:26:00,1.0694041e-06,9.159838e-06,0,0
2024-05-14 15:27:00,1.0991962e-06,9.574876e-06,0,0
2024-05-14 15:28:00,1.0551959e-06,9.678518e-06,0,0
2024-05-14 15:29:00,1.0041482e-06,9.582718e-06,0,0
2024-05-14 15:30:00,9.825868e-07,9.579631e-06,0,0
2024-05-14 15:31:00,9.4356704e-07,9.468265e-06,0,0
2024-05-14 15:32:00,9.022174e-07,9.337115e-06,0,0
2024-05-14 15:33:00,8.394011e-07,9.1285165e-06,0,0
2024-05-14 15:34:00,7.7256794e-07,8.846206e-06,0,0
2024-05-14 15:35:00,7.043526e-07,8.546346e-06,0,0
2024-05-14 15:36:00,6.431341e-07,8.249695e-06,0,0
2024-05-14 15:37:00,5.878871e-07,7.9679685e-06,0,0
2024-05-14 15:38:00,5.386422e-07,7.714113e-06,0,0
2024-05-14 15:39:00,4.923008e-07,7.467018e-06,0,0
2024-05-14 15:40:00,4.5022367e-07,7.263047e-06,0,0
2024-05-14 15:41:00,4.2060364e-07,7.124784e-06,0,0
2024-05-14 15:42:00,3.9313895e-07,6.98971e-06,0,0
2024-05-14 15:43:00,3.745298e-07,6.827494e-06,0,0
2024-05-14 15:44:00,3.5524022e-07,6.694131e-06,0,0
2024-05-14 15:45:00,3.3648342e-07,6.561647e-06,0,0
2024-05-14 15:46:00,3.1240907e-07,6.406833e-06,0,0
2024-05-14 15:47:00,2.9054135e-07,6.2689965e-06,0,0
2024-05-14 15:48:00,2.7117093e-07,6.1364753e-06,0,0
2024-05-14 15:49:00,2.6296337e-07,6.0608186e-06,0,0
2024-05-14 15:50:00,2.6593491e-07,6.061065e-06,0,0
2024-05-14 15:51:00,2.5782523e-07,6.0055927e-06,0,0
2024-05-14 15:52:00,2.3977094e-07,5.8820738e-06,0,0
2024-05-14 15:53:00,2.2585701e-07,5.752819e-06,0,0
2024-05-14 15:54:00,2.1057734e-07,5.623912e-06,0,0
2024-05-14 15:55:00,1.989184e-07,5.508007e-06,0,0
2024-05-14 15:56:00,1.9115309e-07,5.416888e-06,0,0
2024-05-14 15:57:00,1.8146328e-07,5.3291633e-06,0,0
2024-05-14 15:58:00,1.7780944e-07,5.2641844e-06,0,0
2024-05-14 15:59:00,1.7133723e-07,5.2090313e-06,0,0
2024-05-14 16:00:00,1.7747493e-07,5.2068867e-06,0,0
2024-05-14 16:01:00,2.1762224e-07,5.381481e-06,0,0
2024-05-14 16:02:00,2.6139006e-07,5.5878204e-06,0,0
2024-05-14 16:03:00,2.7055881e-07,5.690213e-06,0,0
2024-05-14 16:04:00,2.7110516e-07,5.7681805e-06,0,0
2024-05-14 16:05:00,2.8099365e-07,5.85997e-06,0,0
2024-05-14 16:06:00,3.123865e-07,6.0009284e-06,0,0
2024-05-14 16:07:00,3.245481e-07,6.0842967e-06,0,0
2024-05-14 16:08:00,3.074972e-07,6.065962e-06,0,0
2024-05-14 16:09:00,2.8332875e-07,5.991079e-06,0,0
2024-05-14 16:10:00,2.5949015e-07,5.904072e-06,0,0
2024-05-14 16:11:00,2.4127885e-07,5.8069627e-06,0,0
2024-05-14 16:12:00,2.2594146e-07,5.6952895e-06,0,0
2024-05-14 16:13:00,2.1287046e-07,5.580905e-06,0,0
2024-05-14 16:14:00,2.0314195e-07,5.4783013e-06,0,0
2024-05-14 16:15:00,1.9293319e-07,5.381449e-06,0,0
2024-05-14 16:16:00,1.8889509e-07,5.322597e-06,0,0
2024-05-14 16:17:00,1.943594e-07,5.301638e-06,0,0
2024-05-14 16:18:00,2.0073912e-07,5.2831815e-06,0,0
2024-05-14 16:19:00,2.0610702e-07,5.293621e-06,0,0
2024-05-14 16:20:00,2.1147025e-07,5.310878e-06,0,0
2024-05-14 16:21:00,2.2357703e-07,5.3411254e-06,0,0
2024-05-14 16:22:00,2.3664175e-07,5.3997696e-06,0,0
2024-05-14 16:23:00,2.4395493e-07,5.428977e-06,0,0
2024-05-14 16:24:00,2.4679198e-07,5.4394977e-06,0,0
2024-05-14 16:25:00,2.460571e-07,5.436278e-06,0,0
2024-05-14 16:26:00,2.415076e-07,5.440874e-06,0,0
2024-05-14 16:27:00,2.4019621e-07,5.4428992e-06,0,0
2024-05-14 16:28:00,2.3521264e-07,5.433695e-06,0,0
2024-05-14 16:29:00,2.28329e-07,5.419634e-06,0,0
2024-05-14 16:30:00,2.2546219e-07,5.3984845e-06,0,0
2024-05-14 16:31:00,2.1050303e-07,5.348125e-06,0,0
2024-05-14 16:32:00,2.035975e-07,5.293574e-06,0,0
2024-05-14 16:33:00,2.0099903e-07,5.247433e-06,0,0
2024-05-14 16:34:00,1.9503783e-07,5.2174046e-06,0,0
2024-05-14 16:35:00,1.936065e-07,5.199541e-06,0,0
2024-05-14 16:36:00,1.8815877e-07,5.162342e-06,0,0
2024-05-14 16:37:00,1.8089096e-07,5.1251427e-06,0,0
2024-05-14 16:38:00,1.7651625e-07,5.0895146e-06,0,0
2024-05-14 16:39:00,1.7683125e-07,5.0619583e-06,0,0
2024-05-14 16:40:00,1.732615e-07,5.0343333e-06,0,0
2024-05-14 16:41:00,1.7428674e-07,5.010575e-06,0,0
2024-05-14 16:42:00,1.8474802e-07,5.0397402e-06,0,0
2024-05-14 16:43:00,2.0814691e-07,5.110843e-06,0,0
2024-05-14 16:44:00,2.6078658e-07,5.2907994e-06,0,0
2024-05-14 16:45:00,3.5797814e-07,5.595975e-06,0,0
2024-05-14 16:46:00,2.2949748e-06,8.946254e-06,0,0
2024-05-14 16:47:00,5.4316883e-05,9.005551e-05,0,0
2024-05-14 16:48:00,0.00023294242,0.00037530766,0,0
2024-05-14 16:49:00,0.00039755017,0.00068740407,0,0
2024-05-14 16:50:00,0.00043428043,0.000844601,0,0
2024-05-14 16:51:00,0.00039457146,0.0008706241,0,0
2024-05-14 16:52:00,0.00035221886,0.00085417856,0,0
2024-05-14 16:53:00,0.00031373804,0.00080010964,0,0
2024-05-14 16:54:00,0.00027957535,0.00072351616,0,0
2024-05-14 16:55:00,0.00024854217,0.00065590866,0,0
2024-05-14 16:56:00,0.00022261628,0.00060536515,0,0
2024-05-14 16:57:00,0.0002009586,0.00056116475,0,0
2024-05-14 16:58:00,0.00018344226,0.000522246,0,0
2024-05-14 16:59:00,0.00016582031,0.00048391343,0,0
2024-05-14 17:00:00,0.00014847869,0.0004446762,0,0
2024-05-14 17:01:00,0.00013060833,0.0004022215,0,0
2024-05-14 17:02:00,0.00011179994,0.00035656645,0,0
2024-05-14 17:03:00,9.2112234e-05,0.00030988958,0,0
2024-05-14 17:04:00,7.367042e-05,0.00026522594,0,0
2024-05-14 17:05:00,5.7835805e-05,0.00022462111,0,0
2024-05-14 17:06:00,4.4879234e-05,0.00018798123,0,0
2024-05-14 17:07:00,3.492247e-05,0.00015600875,0,0
2024-05-14 17:08:00,2.7314196e-05,0.00012958102,0,0
2024-05-14 17:09:00,2.1573604e-05,0.000108315304,0,0
2024-05-14 17:10:00,1.7334976e-05,9.183849e-05,0,0
2024-05-14 17:11:00,1.4256073e-05,7.918065e-05,0,0
2024-05-14 17:12:00,1.1965306e-05,6.881524e-05,0,0
2024-05-14 17:13:00,1.0031521e-05,5.9736016e-05,0,0
2024-05-14 17:14:00,8.395775e-06,5.1744155e-05,0,0
2024-05-14 17:15:00,7.0391393e-06,4.501027e-05,0,0
2024-05-14 17:16:00,6.0026414e-06,3.9453655e-05,0,0
2024-05-14 17:17:00,5.2480527e-06,3.5073615e-05,0,0
2024-05-14 17:18:00,4.6474497e-06,3.1519074e-05,0,0
2024-05-14 17:19:00,4.196883e-06,2.8778282e-05,0,0
2024-05-14 17:20:00,3.8787275e-06,2.6729565e-05,0,0
2024-05-14 17:21:00,3.630294e-06,2.520714e-05,0,0
2024-05-14 17:22:00,3.416179e-06,2.3995737e-05,0,0
2024-05-14 17:23:00,3.229531e-06,2.3027464e-05,0,0
2024-05-14 17:24:00,3.0742756e-06,2.22904e-05,0,0
2024-05-14 17:25:00,2.9815153e-06,2.1870768e-05,0,0
2024-05-14 17:26:00,2.9906198e-06,2.1996868e-05,0,0
2024-05-14 17:27:00,3.0828332e-06,2.2729824e-05,0,0
2024-05-14 17:28:00,3.2551998e-06,2.40613e-05,0,0
2024-05-14 17:29:00,3.5166836e-06,2.6300324e-05,0,0
2024-05-14 17:30:00,3.987112e-06,2.9710478e-05,0,0
2024-05-14 17:31:00,4.4679014e-06,3.3073487e-05,0,0
2024-05-14 17:32:00,4.848646e-06,3.5944126e-05,0,0
2024-05-14 17:33:00,5.1563816e-06,3.8717248e-05,0,0
2024-05-14 17:34:00,5.3378644e-06,4.1061343e-05,0,0
2024-05-14 17:35:00,5.463444e-06,4.290956e-05,0,0
2024-05-14 17:36:00,5.4850457e-06,4.3965436e-05,0,0
2024-05-14 17:37:00,5.4760835e-06,4.4627915e-05,0,0
2024-05-14 17:38:00,5.3529684e-06,4.473433e-05,0,0
2024-05-14 17:39:00,5.1588804e-06,4.439189e-05,0,0
2024-05-14 17:40:00,5.0009016e-06,4.4255205e-05,0,0
2024-05-14 17:41:00,4.82676e-06,4.399427e-05,0,0
2024-05-14 17:42:00,4.65376e-06,4.3729317e-05,0,0
2024-05-14 17:43:00,4.5074544e-06,4.34899e-05,0,0
2024-05-14 17:44:00,4.3730656e-06,4.3051125e-05,0,0
2024-05-14 17:45:00,4.2744336e-06,4.2605418e-05,0,0
2024-05-14 17:46:00,4.169871e-06,4.1991127e-05,0,0
2024-05-14 17:47:00,4.191818e-06,4.1974825e-05,0,0
2024-05-14 17:48:00,4.1769927e-06,4.1817926e-05,0,0
2024-05-14 17:49:00,4.2013507e-06,4.1812116e-05,0,0
2024-05-14 17:50:00,4.250766e-06,4.198636e-05,0,0
2024-05-14 17:51:00,4.2428046e-06,4.196287e-05,0,0
2024-05-14 17:52:00,4.2581446e-06,4.206865e-05,0,0
2024-05-14 17:53:00,4.2322554e-06,4.197801e-05,0,0
2024-05-14 17:54:00,4.1989624e-06,4.1883424e-05,0,0
2024-05-14 17:55:00,4.1976464e-06,4.194251e-05,0,0
2024-05-14 17:56:00,4.126985e-06,4.173708e-05,0,0
2024-05-14 17:57:00,4.0547948e-06,4.1437597e-05,0,0
2024-05-14 17:58:00,3.980768e-06,4.1118794e-05,0,0
2024-05-14 17:59:00,3.899741e-06,4.0729225e-05,0,0
2024-05-14 18:00:00,3.8076491e-06,4.0286417e-05,0,0
2024-05-14 18:01:00,3.71394e-06,3.9841096e-05,0,0
2024-05-14 18:02:00,3.629895e-06,3.940014e-05,0,0
2024-05-14 18:03:00,3.5443036e-06,3.9006758e-05,0,0
2024-05-14 18:04:00,3.452523e-06,3.847397e-05,0,0
2024-05-14 18:05:00,3.3888987e-06,3.803042e-05,0,0
2024-05-14 18:06:00,3.4560262e-06,3.78983e-05,0,0
2024-05-14 18:07:00,3.8369385e-06,3.8522718e-05,0,0
2024-05-14 18:08:00,4.0637124e-06,3.9050377e-05,0,0
2024-05-14 18:09:00,3.9418564e-06,3.892711e-05,0,0
2024-05-14 18:10:00,3.6959516e-06,3.839022e-05,0,0
2024-05-14 18:11:00,3.4564669e-06,3.778917e-05,0,0
2024-05-14 18:12:00,3.2337086e-06,3.699449e-05,0,0
2024-05-14 18:13:00,3.03594e-06,3.6051013e-05,0,0
2024-05-14 18:14:00,2.8828504e-06,3.526941e-05,0,0
2024-05-14 18:15:00,2.7624326e-06,3.453869e-05,0,0
2024-05-14 18:16:00,2.6488594e-06,3.37258e-05,0,0
2024-05-14 18:17:00,2.5521665e-06,3.2965254e-05,0,0
2024-05-14 18:18:00,2.4582546e-06,3.2221385e-05,0,0
2024-05-14 18:19:00,2.3759558e-06,3.1528627e-05,0,0
2024-05-14 18:20:00,2.3126993e-06,3.0979005e-05,0,0
2024-05-14 18:21:00,2.2619104e-06,3.0519517e-05,0,0
2024-05-14 18:22:00,2.194004e-06,2.9981169e-05,0,0
2024-05-14 18:23:00,2.1393496e-06,2.9485123e-05,0,0
2024-05-14 18:24:00,2.0847963e-06,2.900481e-05,0,0
2024-05-14 18:25:00,2.0361952e-06,2.8551023e-05,0,0
2024-05-14 18:26:00,1.9899737e-06,2.8124334e-05,0,0
2024-05-14 18:27:00,1.947976e-06,2.7712096e-05,0,0
2024-05-14 18:28:00,1.9093202e-06,2.7320384e-05,0,0
2024-05-14 18:29:00,1.8598225e-06,2.6897884e-05,0,0
2024-05-14 18:30:00,1.8134594e-06,2.6461084e-05,0,0
2024-05-14 18:31:00,1.7744229e-06,2.6079759e-05,0,0
2024-05-14 18:32:00,1.731145e-06,2.5681817e-05,0,0
2024-05-14 18:33:00,1.6867361e-06,2.5223611e-05,0,0
2024-05-14 18:34:00,1.6483457e-06,2.485246e-05,0,0
2024-05-14 18:35:00,1.6152347e-06,2.4480369e-05,0,0
2024-05-14 18:36:00,1.5865764e-06,2.4134672e-05,0,0
2024-05-14 18:37:00,1.5575022e-06,2.3793496e-05,0,0
2024-05-14 18:38:00,1.5333798e-06,2.3518203e-05,0,0
2024-05-14 18:39:00,1.5069357e-06,2.319493e-05,0,0
2024-05-14 18:40:00,1.471171e-06,2.279312e-05,0,0
2024-05-14 18:41:00,1.4417909e-06,2.2462824e-05,0,0
2024-05-14 18:42:00,1.4188455e-06,2.2170369e-05,0,0
2024-05-14 18:43:00,1.4012458e-06,2.1915082e-05,0,0
2024-05-14 18:44:00,1.3755102e-06,2.1597605e-05,0,0
2024-05-14 18:45:00,1.3507554e-06,2.1328144e-05,0,0
2024-05-14 18:46:00,1.3316139e-06,2.1062478e-05,0,0
2024-05-14 18:47:00,1.3057127e-06,2.0776059e-05,0,0
2024-05-14 18:48:00,1.2876568e-06,2.0547957e-05,0,0
2024-05-14 18:49:00,1.2640418e-06,2.027839e-05,0,0
2024-05-14 18:50:00,1.2355722e-06,1.9966154e-05,0,0
2024-05-14 18:51:00,1.2152186e-06,1.9712732e-05,0,0
2024-05-14 18:52:00,1.2036749e-06,1.9503059e-05,0,0
2024-05-14 18:53:00,1.1929591e-06,1.9316914e-05,0,0
2024-05-14 18:54:00,1.1815619e-06,1.916735e-05,0,0
2024-05-14 18:55:00,1.1631961e-06,1.8956189e-05,0,0
2024-05-14 18:56:00,1.1358486e-06,1.8710507e-05,0,0
2024-05-14 18:57:00,1.1140527e-06,1.8507542e-05,0,0
2024-05-14 18:58:00,1.093841e-06,1.8327351e-05,0,0
2024-05-14 18:59:00,1.0721649e-06,1.8133469e-05,0,0
2024-05-14 19:00:00,1.0482418e-06,1.7879669e-05,0,0
2024-05-14 19:01:00,1.0241454e-06,1.7629143e-05,0,0
2024-05-14 19:02:00,1.0044394e-06,1.7413358e-05,0,0
2024-05-14 19:03:00,9.821789e-07,1.7215343e-05,0,0
2024-05-14 19:04:00,9.580515e-07,1.6994765e-05,0,0
2024-05-14 19:05:00,9.347823e-07,1.6740634e-05,0,0
2024-05-14 19:06:00,9.0709153e-07,1.6468053e-05,0,0
2024-05-14 19:07:00,8.835676e-07,1.6219694e-05,0,0
2024-05-14 19:08:00,8.6326e-07,1.6019549e-05,0,0
2024-05-14 19:09:00,8.4593495e-07,1.5824122e-05,0,0
2024-05-14 19:10:00,8.265843e-07,1.559958e-05,0,0
2024-05-14 19:11:00,8.066197e-07,1.53693e-05,0,0
2024-05-14 19:12:00,7.899274e-07,1.516811e-05,0,0
2024-05-14 19:13:00,7.748561e-07,1.498156e-05,0,0
2024-05-14 19:14:00,7.636077e-07,1.4807927e-05,0,0
2024-05-14 19:15:00,7.51533e-07,1.4647121e-05,0,0
2024-05-14 19:16:00,7.425362e-07,1.4507483e-05,0,0
2024-05-14 19:17:00,7.313004e-07,1.4367707e-05,0,0
2024-05-14 19:18:00,7.161692e-07,1.4210119e-05,0,0
2024-05-14 19:19:00,6.991057e-07,1.4057055e-05,0,0
2024-05-14 19:20:00,6.86367e-07,1.3888663e-05,0,0
2024-05-14 19:21:00,6.705723e-07,1.37177285e-05,0,0
2024-05-14 19:22:00,6.579806e-07,1.3583258e-05,0,0
2024-05-14 19:23:00,6.4793306e-07,1.3462876e-05,0,0
2024-05-14 19:24:00,6.328886e-07,1.3305571e-05,0,0
2024-05-14 19:25:00,6.1787557e-07,1.3120107e-05,0,0
2024-05-14 19:26:00,6.046339e-07,1.2964142e-05,0,0
2024-05-14 19:27:00,5.9649045e-07,1.2844441e-05,0,0
2024-05-14 19:28:00,5.888077e-07,1.2727785e-05,0,0
2024-05-14 19:29:00,5.739246e-07,1.2582882e-05,0,0
2024-05-14 19:30:00,5.6372636e-07,1.2441257e-05,0,0
2024-05-14 19:31:00,5.500951e-07,1.2293341e-05,0,0
2024-05-14 19:32:00,5.398472e-07,1.2120717e-05,0,0
2024-05-14 19:33:00,5.230271e-07,1.1953791e-05,0,0
2024-05-14 19:34:00,5.130994e-07,1.1808787e-05,0,0
2024-05-14 19:35:00,5.0355044e-07,1.16715e-05,0,0
2024-05-14 19:36:00,4.9528825e-07,1.1541647e-05,0,0
2024-05-14 19:37:00,4.890467e-07,1.1439219e-05,0,0
2024-05-14 19:38:00,4.8479694e-07,1.1341098e-05,0,0
2024-05-14 19:39:00,4.7351992e-07,1.1237284e-05,0,0
2024-05-14 19:40:00,4.6368496e-07,1.1111841e-05,0,0
2024-05-14 19:41:00,4.545728e-07,1.0992006e-05,0,0
2024-05-14 19:42:00,4.4749862e-07,1.0891526e-05,0,0
2024-05-14 19:43:00,4.418746e-07,1.0821329e-05,0,0
2024-05-14 19:44:00,4.377282e-07,1.0763651e-05,0,0
2024-05-14 19:45:00,4.381786e-07,1.0738072e-05,0,0
2024-05-14 19:46:00,4.442835e-07,1.0730309e-05,0,0
2024-05-14 19:47:00,4.5159157e-07,1.0760606e-05,0,0
2024-05-14 19:48:00,4.5939828e-07,1.0791724e-05,0,0
2024-05-14 19:49:00,4.7845305e-07,1.0871541e-05,0,0
2024-05-14 19:50:00,5.011968e-07,1.1020837e-05,0,0
2024-05-14 19:51:00,5.344418e-07,1.1225609e-05,0,0
2024-05-14 19:52:00,5.5702986e-07,1.1400056e-05,0,0
2024-05-14 19:53:00,5.7659634e-07,1.1564394e-05,0,0
2024-05-14 19:54:00,6.001852e-07,1.17589e-05,0,0
2024-05-14 19:55:00,6.332227e-07,1.2031248e-05,0,0
2024-05-14 19:56:00,6.674874e-07,1.2307316e-05,0,0
2024-05-14 19:57:00,6.868225e-07,1.2485646e-05,0,0
2024-05-14 19:58:00,7.061544e-07,1.2642712e-05,0,0
2024-05-14 19:59:00,7.1413e-07,1.2761761e-05,0,0
2024-05-14 20:00:00,7.197706e-07,1.2848259e-05,0,0
2024-05-14 20:01:00,7.141657e-07,1.2875728e-05,0,0
2024-05-14 20:02:00,7.013662e-07,1.2854465e-05,0,0
2024-05-14 20:03:00,6.7679474e-07,1.2754853e-05,0,0
2024-05-14 20:04:00,6.538835e-07,1.2612936e-05,0,0
2024-05-14 20:05:00,6.264359e-07,1.24223825e-05,0,0
2024-05-14 20:06:00,5.971581e-07,1.2222756e-05,0,0
2024-05-14 20:07:00,5.710985e-07,1.2005959e-05,0,0
2024-05-14 20:08:00,5.5236546e-07,1.1843945e-05,0,0
2024-05-14 20:09:00,5.3085466e-07,1.16735555e-05,0,0
2024-05-14 20:10:00,5.139821e-07,1.1488039e-05,0,0
2024-05-14 20:11:00,4.9686406e-07,1.129496e-05,0,0
2024-05-14 20:12:00,4.770357e-07,1.1093749e-05,0,0
2024-05-14 20:13:00,4.585289e-07,1.0888977e-05,0,0
2024-05-14 20:14:00,4.4334453e-07,1.06892585e-05,0,0
2024-05-14 20:15:00,4.2758938e-07,1.0507159e-05,0,0
2024-05-14 20:16:00,4.1443346e-07,1.03344755e-05,0,0
2024-05-14 20:17:00,4.0230765e-07,1.0168252e-05,0,0
2024-05-14 20:18:00,3.8769858e-07,9.996824e-06,0,0
2024-05-14 20:19:00,3.734415e-07,9.840546e-06,0,0
2024-05-14 20:20:00,3.6359276e-07,9.7333605e-06,0,0
2024-05-14 20:21:00,3.532954e-07,9.600534e-06,0,0
2024-05-14 20:22:00,3.4453595e-07,9.468722e-06,0,0
2024-05-14 20:23:00,3.3583967e-07,9.344031e-06,0,0
2024-05-14 20:24:00,3.2956189e-07,9.2441405e-06,0,0
2024-05-14 20:25:00,3.2336294e-07,9.166713e-06,0,0
2024-05-14 20:26:00,3.1072594e-07,9.0196245e-06,0,0
2024-05-14 20:27:00,2.9987416e-07,8.861904e-06,0,0
2024-05-14 20:28:00,2.8990527e-07,8.714923e-06,0,0
2024-05-14 20:29:00,2.821722e-07,8.5731535e-06,0,0
2024-05-14 20:30:00,2.7818533e-07,8.451399e-06,0,0
2024-05-14 20:31:00,2.6925468e-07,8.339974e-06,0,0
2024-05-14 20:32:00,2.6703484e-07,8.23993e-06,0,0
2024-05-14 20:33:00,2.6147998e-07,8.142445e-06,0,0
2024-05-14 20:34:00,2.5575406e-07,8.048914e-06,0,0
2024-05-14 20:35:00,2.4738452e-07,7.952748e-06,0,0
2024-05-14 20:36:00,2.4425162e-07,7.875441e-06,0,0
2024-05-14 20:37:00,2.4777356e-07,7.852559e-06,0,0
2024-05-14 20:38:00,2.509102e-07,7.837512e-06,0,0
2024-05-14 20:39:00,2.4686307e-07,7.791217e-06,0,0
2024-05-14 20:40:00,2.4165936e-07,7.723204e-06,0,0
2024-05-14 20:41:00,2.3728114e-07,7.647777e-06,0,0
2024-05-14 20:42:00,2.337067e-07,7.583555e-06,0,0
2024-05-14 20:43:00,2.3061837e-07,7.527516e-06,0,0
2024-05-14 20:44:00,2.274856e-07,7.482361e-06,0,0
2024-05-14 20:45:00,2.271481e-07,7.4430814e-06,0,0
2024-05-14 20:46:00,2.2521303e-07,7.396131e-06,0,0
2024-05-14 20:47:00,2.2316024e-07,7.338455e-06,0,0
2024-05-14 20:48:00,2.1892585e-07,7.287806e-06,0,0
2024-05-14 20:49:00,2.1917373e-07,7.238405e-06,0,0
2024-05-14 20:50:00,2.1357087e-07,7.1919335e-06,0,0
2024-05-14 20:51:00,2.1022075e-07,7.1382847e-06,0,0
2024-05-14 20:52:00,2.072799e-07,7.071581e-06,0,0
2024-05-14 20:53:00,2.0295623e-07,7.0082137e-06,0,0
2024-05-14 20:54:00,2.0016002e-07,6.948911e-06,0,0
2024-05-14 20:55:00,1.948959e-07,6.8882086e-06,0,0
2024-05-14 20:56:00,1.9105829e-07,6.8262266e-06,0,0
2024-05-14 20:57:00,1.899351e-07,6.7647015e-06,0,0
2024-05-14 20:58:00,1.8603494e-07,6.699866e-06,0,0
2024-05-14 20:59:00,1.8477053e-07,6.6416674e-06,0,0
2024-05-14 21:00:00,1.8151036e-07,6.6125444e-06,0,0
2024-05-14 21:01:00,1.8263512e-07,6.5858285e-06,0,0
2024-05-14 21:02:00,1.8795379e-07,6.573468e-06,0,0
2024-05-14 21:03:00,1.9605305e-07,6.580544e-06,0,0
2024-05-14 21:04:00,1.9344269e-07,6.550124e-06,0,0
2024-05-14 21:05:00,1.8750495e-07,6.510015e-06,0,0
2024-05-14 21:06:00,1.8105165e-07,6.455787e-06,0,0
2024-05-14 21:07:00,1.7802235e-07,6.4065775e-06,0,0
2024-05-14 21:08:00,1.7456728e-07,6.3607954e-06,0,0
2024-05-14 21:09:00,1.7319124e-07,6.3319776e-06,0,0
2024-05-14 21:10:00,1.7624556e-07,6.3170546e-06,0,0
2024-05-14 21:11:00,1.7531161e-07,6.306862e-06,0,0
2024-05-14 21:12:00,1.8128497e-07,6.29813e-06,0,0
2024-05-14 21:13:00,1.877621e-07,6.3191105e-06,0,0
2024-05-14 21:14:00,1.8797866e-07,6.3247467e-06,0,0
2024-05-14 21:15:00,1.8564631e-07,6.3093585e-06,0,0
2024-05-14 21:16:00,1.7851205e-07,6.253589e-06,0,0
2024-05-14 21:17:00,1.7338942e-07,6.1951605e-06,0,0
2024-05-14 21:18:00,1.6886662e-07,6.1471865e-06,0,0
2024-05-14 21:19:00,1.6657592e-07,6.10826e-06,0,0
2024-05-14 21:20:00,1.6627018e-07,6.071018e-06,0,0
2024-05-14 21:21:00,1.6275307e-07,6.036411e-06,0,0
2024-05-14 21:22:00,1.6107964e-07,6.007776e-06,0,0
2024-05-14 21:23:00,1.6103193e-07,5.9977947e-06,0,0
2024-05-14 21:24:00,1.6131794e-07,6.000719e-06,0,0
2024-05-14 21:25:00,1.6127397e-07,6.0091115e-06,0,0
2024-05-14 21:26:00,1.7451376e-07,6.098394e-06,0,0
2024-05-14 21:27:00,1.9604332e-07,6.244723e-06,0,0
2024-05-14 21:28:00,2.0078687e-07,6.3196157e-06,0,0
2024-05-14 21:29:00,1.974169e-07,6.3212537e-06,0,0
2024-05-14 21:30:00,1.8698852e-07,6.267627e-06,0,0
2024-05-14 21:31:00,1.844282e-07,6.225221e-06,0,0
2024-05-14 21:32:00,1.8182533e-07,6.198832e-06,0,0
2024-05-14 21:33:00,1.7708628e-07,6.1623623e-06,0,0
2024-05-14 21:34:00,1.7315583e-07,6.139644e-06,0,0
2024-05-14 21:35:00,1.7016636e-07,6.1199903e-06,0,0
2024-05-14 21:36:00,1.6847225e-07,6.0941284e-06,0,0
2024-05-14 21:37:00,1.6325731e-07,6.0623715e-06,0,0
2024-05-14 21:38:00,1.6607497e-07,6.056784e-06,0,0
2024-05-14 21:39:00,1.7164284e-07,6.090217e-06,0,0
2024-05-14 21:40:00,1.7853755e-07,6.1429737e-06,0,0
2024-05-14 21:41:00,1.8147887e-07,6.163834e-06,0,0
2024-05-14 21:42:00,1.7595387e-07,6.142783e-06,0,0
2024-05-14 21:43:00,1.715229e-07,6.093091e-06,0,0
2024-05-14 21:44:00,1.6857088e-07,6.0487496e-06,0,0
2024-05-14 21:45:00,1.6817317e-07,6.0134025e-06,0,0
2024-05-14 21:46:00,1.6808488e-07,5.9728104e-06,0,0
2024-05-14 21:47:00,1.6866213e-07,5.9478702e-06,0,0
2024-05-14 21:48:00,1.7489093e-07,5.928446e-06,0,0
2024-05-14 21:49:00,1.7953381e-07,5.932673e-06,0,0
2024-05-14 21:50:00,1.8140067e-07,5.938001e-06,0,0
2024-05-14 21:51:00,1.865825e-07,5.9488184e-06,0,0
2024-05-14 21:52:00,1.8988871e-07,5.947316e-06,0,0
2024-05-14 21:53:00,1.9228642e-07,5.9492068e-06,0,0
2024-05-14 21:54:00,1.9175029e-07,5.947371e-06,0,0
2024-05-14 21:55:00,1.9180568e-07,5.9352724e-06,0,0
2024-05-14 21:56:00,1.926643e-07,5.9359304e-06,0,0
2024-05-14 21:57:00,1.9634635e-07,5.949444e-06,0,0
2024-05-14 21:58:00,1.936261e-07,5.9470913e-06,0,0
2024-05-14 21:59:00,1.9101564e-07,5.9366957e-06,0,0
2024-05-14 22:00:00,1.8393261e-07,5.9035806e-06,0,0
2024-05-14 22:01:00,1.7845268e-07,5.864992e-06,0,0
2024-05-14 22:02:00,1.73764e-07,5.8300184e-06,0,0
2024-05-14 22:03:00,1.6982432e-07,5.808622e-06,0,0
2024-05-14 22:04:00,1.6741416e-07,5.8053847e-06,0,0
2024-05-14 22:05:00,1.6670613e-07,5.7953866e-06,0,0
2024-05-14 22:06:00,1.62068e-07,5.761979e-06,0,0
2024-05-14 22:07:00,1.56556e-07,5.718142e-06,0,0
2024-05-14 22:08:00,1.5223429e-07,5.6789468e-06,0,0
2024-05-14 22:09:00,1.7697101e-07,5.7401717e-06,0,0
2024-05-14 22:10:00,2.1460885e-07,5.8980327e-06,0,0
2024-05-14 22:11:00,2.486859e-07,6.073655e-06,0,0
2024-05-14 22:12:00,2.6029545e-07,6.183692e-06,0,0
2024-05-14 22:13:00,2.7513286e-07,6.281015e-06,0,0
2024-05-14 22:14:00,2.8414223e-07,6.340378e-06,0,0
2024-05-14 22:15:00,2.7786754e-07,6.341344e-06,0,0
2024-05-14 22:16:00,2.6555324e-07,6.330267e-06,0,0
2024-05-14 22:17:00,2.5672546e-07,6.3032376e-06,0,0
2024-05-14 22:18:00,2.49725e-07,6.274929e-06,0,0
2024-05-14 22:19:00,2.4009563e-07,6.232744e-06,0,0
2024-05-14 22:20:00,2.3824393e-07,6.233737e-06,0,0
2024-05-14 22:21:00,2.2515414e-07,6.1693527e-06,0,0
2024-05-14 22:22:00,2.1311942e-07,6.0802263e-06,0,0
2024-05-14 22:23:00,2.0539697e-07,6.0233297e-06,0,0
2024-05-14 22:24:00,1.9692415e-07,5.9459758e-06,0,0
2024-05-14 22:25:00,1.9052504e-07,5.8701767e-06,0,0
2024-05-14 22:26:00,1.8268636e-07,5.7962e-06,0,0
2024-05-14 22:27:00,1.7523226e-07,5.737935e-06,0,0
2024-05-14 22:28:00,1.7820328e-07,5.7224456e-06,0,0
2024-05-14 22:29:00,1.8235498e-07,5.7378675e-06,0,0
2024-05-14 22:30:00,1.8722496e-07,5.753388e-06,0,0
2024-05-14 22:31:00,1.8741189e-07,5.761841e-06,0,0
2024-05-14 22:32:00,1.842624e-07,5.7433467e-06,0,0
2024-05-14 22:33:00,1.7763422e-07,5.7066195e-06,0,0
2024-05-14 22:34:00,1.7244297e-07,5.6777603e-06,0,0
2024-05-14 22:35:00,1.7560991e-07,5.670584e-06,0,0
2024-05-14 22:36:00,1.8661228e-07,5.7075586e-06,0,0
2024-05-14 22:37:00,2.1262086e-07,5.8154064e-06,0,0
2024-05-14 22:38:00,2.2636448e-07,5.8839946e-06,0,0
2024-05-14 22:39:00,2.2975209e-07,5.937485e-06,0,0
2024-05-14 22:40:00,2.2476473e-07,5.9598697e-06,0,0
2024-05-14 22:41:00,2.2173415e-07,5.9583604e-06,0,0
2024-05-14 22:42:00,2.1292041e-07,5.932445e-06,0,0
2024-05-14 22:43:00,2.0304209e-07,5.8724418e-06,0,0
2024-05-14 22:44:00,1.9246612e-07,5.8132528e-06,0,0
2024-05-14 22:45:00,1.8576965e-07,5.7503607e-06,0,0
2024-05-14 22:46:00,1.8178997e-07,5.684823e-06,0,0
2024-05-14 22:47:00,1.7744566e-07,5.6197355e-06,0,0
2024-05-14 22:48:00,1.8150585e-07,5.5819273e-06,0,0
2024-05-14 22:49:00,1.819774e-07,5.553774e-06,0,0
2024-05-14 22:50:00,1.7986176e-07,5.511522e-06,0,0
2024-05-14 22:51:00,1.7266379e-07,5.4554084e-06,0,0
2024-05-14 22:52:00,1.6444888e-07,5.3835142e-06,0,0
2024-05-14 22:53:00,1.5637386e-07,5.3070303e-06,0,0
2024-05-14 22:54:00,1.4825001e-07,5.228788e-06,0,0
2024-05-14 22:55:00,1.409818e-07,5.1563293e-06,0,0
2024-05-14 22:56:00,1.3439286e-07,5.102931e-06,0,0
2024-05-14 22:57:00,1.2980516e-07,5.043056e-06,0,0
2024-05-14 22:58:00,1.3320212e-07,5.0061735e-06,0,0
2024-05-14 22:59:00,1.3845606e-07,4.9841683e-06,0,0
2024-05-14 23:00:00,1.4383052e-07,4.9763366e-06,0,0
2024-05-14 23:01:00,1.4723489e-07,4.9692135e-06,0,0
2024-05-14 23:02:00,1.5402553e-07,4.9607506e-06,0,0
2024-05-14 23:03:00,1.649425e-07,4.96251e-06,0,0
2024-05-14 23:04:00,1.9412518e-07,4.9987393e-06,0,0
2024-05-14 23:05:00,2.8808935e-07,5.1634293e-06,0,0
2024-05-14 23:06:00,4.670227e-07,5.580841e-06,0,0
2024-05-14 23:07:00,6.412276e-07,6.1020905e-06,0,0
2024-05-14 23:08:00,7.4671436e-07,6.5995787e-06,0,0
2024-05-14 23:09:00,7.5502976e-07,6.9188136e-06,0,0
2024-05-14 23:10:00,7.23815e-07,7.0902947e-06,0,0
2024-05-14 23:11:00,6.831565e-07,7.159235e-06,0,0
2024-05-14 23:12:00,6.4894004e-07,7.2047487e-06,0,0
2024-05-14 23:13:00,6.215901e-07,7.2288535e-06,0,0
2024-05-14 23:14:00,5.966099e-07,7.2337198e-06,0,0
2024-05-14 23:15:00,5.711023e-07,7.221286e-06,0,0
2024-05-14 23:16:00,5.4311e-07,7.1873083e-06,0,0
2024-05-14 23:17:00,5.230475e-07,7.151794e-06,0,0
2024-05-14 23:18:00,5.1087045e-07,7.1276263e-06,0,0
2024-05-14 23:19:00,4.95924e-07,7.0804626e-06,0,0
2024-05-14 23:20:00,4.6924842e-07,6.992607e-06,0,0
2024-05-14 23:21:00,4.4586892e-07,6.899369e-06,0,0
2024-05-14 23:22:00,4.2121775e-07,6.799181e-06,0,0
2024-05-14 23:23:00,4.0000853e-07,6.6975776e-06,0,0
2024-05-14 23:24:00,3.8039033e-07,6.600533e-06,0,0
2024-05-14 23:25:00,3.621311e-07,6.5006357e-06,0,0
2024-05-14 23:26:00,3.464339e-07,6.413801e-06,0,0
2024-05-14 23:27:00,3.3279534e-07,6.3364605e-06,0,0
2024-05-14 23:28:00,3.2439604e-07,6.29366e-06,0,0
2024-05-14 23:29:00,3.215682e-07,6.2941053e-06,0,0
2024-05-14 23:30:00,3.0999325e-07,6.2732274e-06,0,0
2024-05-14 23:31:00,3.0624136e-07,6.253728e-06,0,0
2024-05-14 23:32:00,2.9761924e-07,6.2230924e-06,0,0
2024-05-14 23:33:00,2.867945e-07,6.184037e-06,0,0
2024-05-14 23:34:00,2.8003456e-07,6.1568753e-06,0,0
2024-05-14 23:35:00,2.7190464e-07,6.1324613e-06,0,0
2024-05-14 23:36:00,2.669509e-07,6.1136166e-06,0,0
2024-05-14 23:37:00,2.558147e-07,6.0657007e-06,0,0
2024-05-14 23:38:00,2.4976978e-07,6.0265675e-06,0,0
2024-05-14 23:39:00,2.4446132e-07,5.989888e-06,0,0
2024-05-14 23:40:00,2.3649835e-07,5.9447216e-06,0,0
2024-05-14 23:41:00,2.2787977e-07,5.8944834e-06,0,0
2024-05-14 23:42:00,2.2478994e-07,5.868124e-06,0,0
2024-05-14 23:43:00,2.2279904e-07,5.8469636e-06,0,0
2024-05-14 23:44:00,2.2363923e-07,5.835553e-06,0,0
2024-05-14 23:45:00,2.3071927e-07,5.858798e-06,0,0
2024-05-14 23:46:00,2.3564586e-07,5.890137e-06,0,0
2024-05-14 23:47:00,2.4281024e-07,5.942907e-06,0,0
2024-05-14 23:48:00,2.5011093e-07,5.993022e-06,0,0
2024-05-14 23:49:00,2.5244225e-07,6.0363654e-06,0,0
2024-05-14 23:50:00,2.597212e-07,6.0844036e-06,0,0
2024-05-14 23:51:00,2.7498646e-07,6.1469473e-06,0,0
2024-05-14 23:52:00,2.8875849e-07,6.221335e-06,0,0
2024-05-14 23:53:00,3.0023793e-07,6.289685e-06,0,0
2024-05-14 23:54:00,3.0708466e-07,6.331766e-06,0,0
2024-05-14 23:55:00,3.0567415e-07,6.3556604e-06,0,0
2024-05-14 23:56:00,3.0161928e-07,6.377124e-06,0,0
2024-05-14 23:57:00,2.9210386e-07,6.3732627e-06,0,0
2024-05-14 23:58:00,2.761954e-07,6.338243e-06,0,0
2024-05-14 23:59:00,2.6071197e-07,6.2812705e-06,0,0
